Unique_ID,similarity
0,0.467818696051836
1,0.5437002629041672
2,0.761671632528305
3,0.6454592198133469
4,0.602175198495388
5,0.5986388847231865
6,0.5710572302341461
7,0.6834618449211121
8,0.5533383823931217
9,0.5821065008640289
10,0.6031673401594162
11,0.5306301731616259
12,0.5842596590518951
13,0.6723757088184357
14,0.5706503391265869
15,0.6051201075315475
16,0.4963793761562556
17,0.5222099907696247
18,0.6313186585903168
19,0.6772585511207581
20,0.5939828678965569
21,0.6833609640598297
22,0.6082248836755753
23,0.5525178909301758
24,0.713322252035141
25,0.6307499706745148
26,0.5064361323602498
27,0.6181850209832191
28,0.6033621281385422
29,0.6320593357086182
30,0.5334447100758553
31,0.5295009762048721
32,0.5669590681791306
33,0.6422282755374908
34,0.4926697500050068
35,0.58396877348423
36,0.561738844960928
37,0.7061223685741425
38,0.5903642326593399
39,0.5706475377082825
40,0.611843079328537
41,0.591282956302166
42,0.5600359737873077
43,0.5682720392942429
44,0.5623470991849899
45,0.6427915394306183
46,0.5852633640170097
47,0.618220180273056
48,0.6383926123380661
49,0.6495949923992157
50,0.6171870529651642
51,0.6005873829126358
52,0.5335502699017525
53,0.5193696357309818
54,0.6076087355613708
55,0.6177809163928032
56,0.6171233654022217
57,0.5657763406634331
58,0.47352011129260063
59,0.6227533668279648
60,0.6335843503475189
61,0.5080747930333018
62,0.5645937994122505
63,0.5087740086019039
64,0.5472887717187405
65,0.5173026453703642
66,0.6439343392848969
67,0.633291631937027
68,0.5713559687137604
69,0.5213543232530355
70,0.5594929531216621
71,0.5727855190634727
72,0.5435209199786186
73,0.5499766729772091
74,0.49880246026441455
75,0.6088306829333305
76,0.5448636636137962
77,0.5777054727077484
78,0.5677325204014778
79,0.6149339526891708
80,0.5699812471866608
81,0.6233188211917877
82,0.5249935314059258
83,0.5679997950792313
84,0.6011360287666321
85,0.5411295294761658
86,0.6088646799325943
87,0.5834645181894302
88,0.6207430586218834
89,0.5884511321783066
90,0.5869350433349609
91,0.6187522932887077
92,0.6318656653165817
93,0.6637968719005585
94,0.6478210091590881
95,0.5110621359199286
96,0.6153279393911362
97,0.612749956548214
98,0.6144910603761673
99,0.5385837480425835
100,0.4945437400601804
101,0.5394483208656311
102,0.5655778422951698
103,0.6123669221997261
104,0.6131356060504913
105,0.5610488951206207
106,0.6263642311096191
107,0.5454232022166252
108,0.5416545197367668
109,0.4860280975699425
110,0.6194165721535683
111,0.5472147613763809
112,0.6239613890647888
113,0.4632483944296837
114,0.6487797796726227
115,0.6452757567167282
116,0.5721719488501549
117,0.5678104907274246
118,0.5991142690181732
119,0.5455789640545845
120,0.6336130499839783
121,0.6443560719490051
122,0.6722428351640701
123,0.5629278421401978
124,0.6396248787641525
125,0.6226585134863853
126,0.6031347289681435
127,0.5818677470088005
128,0.5523822531104088
129,0.4778067469596863
130,0.5804187804460526
131,0.6193377524614334
132,0.6391499936580658
133,0.5900860130786896
134,0.5765188485383987
135,0.6189245283603668
136,0.5858587995171547
137,0.5118544306606054
138,0.5751295238733292
139,0.5447642244398594
140,0.5236588679254055
141,0.5387885347008705
142,0.5960001051425934
143,0.5967137515544891
144,0.6711346805095673
145,0.5794183313846588
146,0.5176922623068094
147,0.6831523180007935
148,0.6310951411724091
149,0.5072438009083271
150,0.6378556936979294
151,0.5602477565407753
152,0.6082035601139069
153,0.5716143921017647
154,0.6143507212400436
155,0.6130923628807068
156,0.55848403647542
157,0.6766186505556107
158,0.5280608311295509
159,0.645776093006134
160,0.5722992941737175
161,0.6234685033559799
162,0.5912731885910034
163,0.5747514516115189
164,0.6042739748954773
165,0.639311671257019
166,0.5627731531858444
167,0.5977105349302292
168,0.5562225729227066
169,0.6328697502613068
170,0.5902989357709885
171,0.6327737867832184
172,0.5876943171024323
173,0.5174231491982937
174,0.5735440403223038
175,0.606377549469471
176,0.6392001807689667
177,0.6318148672580719
178,0.6217447817325592
179,0.5862259790301323
180,0.5151495672762394
181,0.7167764753103256
182,0.5828339383006096
183,0.6452735960483551
184,0.6269980669021606
185,0.5694288611412048
186,0.5666642487049103
187,0.574903666973114
188,0.5690865740180016
189,0.5471662767231464
190,0.5597227513790131
191,0.5902701914310455
192,0.5155521463602781
193,0.5693250894546509
194,0.6386491060256958
195,0.5473189651966095
196,0.6963491141796112
197,0.5942300260066986
198,0.49981728848069906
199,0.5444208011031151
200,0.6313983500003815
201,0.584081158041954
202,0.6073743402957916
203,0.5405614450573921
204,0.5553596802055836
205,0.6782548129558563
206,0.6193980947136879
207,0.7307756543159485
208,0.6089475080370903
209,0.5998504683375359
210,0.4942177995108068
211,0.576387070119381
212,0.5609026812016964
213,0.5292997285723686
214,0.5134822744876146
215,0.6516633480787277
216,0.5246177036315203
217,0.5484525002539158
218,0.5957696065306664
219,0.6199918165802956
220,0.6475695669651031
221,0.5853653103113174
222,0.5630024075508118
223,0.5939171016216278
224,0.5822508782148361
225,0.5520467348396778
226,0.5454762130975723
227,0.7057245522737503
228,0.5797295868396759
229,0.5695314258337021
230,0.567230835556984
231,0.6039005517959595
232,0.5801398232579231
233,0.5625543147325516
234,0.6814517676830292
235,0.5737749561667442
236,0.5529111325740814
237,0.5939820259809494
238,0.584991842508316
239,0.6896087974309921
240,0.5968439802527428
241,0.6003487929701805
242,0.5508181937038898
243,0.5552150458097458
244,0.5620307214558125
245,0.5905730500817299
246,0.6614371538162231
247,0.5612791292369366
248,0.5392690524458885
249,0.5498529486358166
250,0.6181299313902855
251,0.5585809573531151
252,0.5145030627027154
253,0.6212780773639679
254,0.6731381714344025
255,0.6101617515087128
256,0.5655481964349747
257,0.5293020531535149
258,0.505335807800293
259,0.5489229261875153
260,0.5585492812097073
261,0.547221302986145
262,0.6410960555076599
263,0.5438544675707817
264,0.5339486114680767
265,0.5533832982182503
266,0.6122563555836678
267,0.5092570316046476
268,0.5961849093437195
269,0.5954385623335838
270,0.6790291368961334
271,0.5649666339159012
272,0.6866634041070938
273,0.5703283697366714
274,0.7361828088760376
275,0.6040875688195229
276,0.5887756049633026
277,0.5361527651548386
278,0.5814434960484505
279,0.5741410702466965
280,0.7174330651760101
281,0.6374358236789703
282,0.6625507473945618
283,0.5766818970441818
284,0.7916057705879211
285,0.5089259874075651
286,0.5857071280479431
287,0.5113650290295482
288,0.5029909494332969
289,0.5185832157731056
290,0.5416690334677696
291,0.5975698083639145
292,0.6098666042089462
293,0.545956514775753
294,0.5282499734312296
295,0.5616995096206665
296,0.6539534777402878
297,0.6223918795585632
298,0.5564711503684521
299,0.6260654777288437
300,0.5884029716253281
301,0.622242197394371
302,0.6175777465105057
303,0.5538927912712097
304,0.6720835566520691
305,0.5140726380050182
306,0.5326608046889305
307,0.6817815750837326
308,0.55861846357584
309,0.5328380279242992
310,0.5710370391607285
311,0.6141375228762627
312,0.5311225727200508
313,0.5618422776460648
314,0.6433280110359192
315,0.47944028675556183
316,0.5462700165808201
317,0.5206757467240095
318,0.5608986616134644
319,0.628254160284996
320,0.5292234942317009
321,0.6247008517384529
322,0.6256335377693176
323,0.5732782781124115
324,0.5564507693052292
325,0.4806169159710407
326,0.5884769707918167
327,0.676397293806076
328,0.5978486016392708
329,0.6858570128679276
330,0.6032985001802444
331,0.4660436734557152
332,0.5439477898180485
333,0.6391785889863968
334,0.5381103977560997
335,0.6397211253643036
336,0.6154103502631187
337,0.6501080989837646
338,0.6323430836200714
339,0.6521373689174652
340,0.5975132510066032
341,0.532253809273243
342,0.5518700890243053
343,0.5267716087400913
344,0.6094094961881638
345,0.5902669876813889
346,0.5370140895247459
347,0.521306961774826
348,0.6311976164579391
349,0.628385066986084
350,0.5503303483128548
351,0.6815375834703445
352,0.5580310225486755
353,0.5243931841105223
354,0.6023758947849274
355,0.49455408100038767
356,0.6043928414583206
357,0.6311906278133392
358,0.5474977530539036
359,0.5627041757106781
360,0.5487280786037445
361,0.624646931886673
362,0.5319473370909691
363,0.6042217910289764
364,0.5325988419353962
365,0.5261894948780537
366,0.6886276304721832
367,0.5673387721180916
368,0.6005706638097763
369,0.534761093556881
370,0.5527027100324631
371,0.5684594213962555
372,0.6096319481730461
373,0.6161668449640274
374,0.6032017692923546
375,0.6109986752271652
376,0.5513649508357048
377,0.6576614230871201
378,0.6591362357139587
379,0.5884866416454315
380,0.5878483727574348
381,0.6091587245464325
382,0.5462928079068661
383,0.6152687221765518
384,0.596450075507164
385,0.6309651136398315
386,0.49053617008030415
387,0.6127020120620728
388,0.6528937518596649
389,0.6145804524421692
390,0.6105538457632065
391,0.6590776741504669
392,0.5370840691030025
393,0.5228091105818748
394,0.5516788884997368
395,0.6111853718757629
396,0.6061934903264046
397,0.6251536309719086
398,0.6106289476156235
399,0.6859645843505859
400,0.6837592422962189
401,0.5633036270737648
402,0.4707397110760212
403,0.5348788499832153
404,0.5750381872057915
405,0.6000472083687782
406,0.5365471728146076
407,0.6531408727169037
408,0.48370983824133873
409,0.5435552336275578
410,0.577862948179245
411,0.5854019820690155
412,0.5515352338552475
413,0.5613695345818996
414,0.5759092271327972
415,0.578665055334568
416,0.5319711603224277
417,0.5595737285912037
418,0.6145738214254379
419,0.5551561042666435
420,0.5691572427749634
421,0.5950706228613853
422,0.5832333117723465
423,0.6548538506031036
424,0.6320302188396454
425,0.5769229531288147
426,0.6618043482303619
427,0.5675470009446144
428,0.6066925972700119
429,0.6372198313474655
430,0.5530364327132702
431,0.5829621404409409
432,0.49312046356499195
433,0.5735554173588753
434,0.6005781292915344
435,0.5863752067089081
436,0.5736616924405098
437,0.6719102263450623
438,0.6089124530553818
439,0.5802673101425171
440,0.5965864658355713
441,0.6161923259496689
442,0.7203324735164642
443,0.5858615785837173
444,0.5734735727310181
445,0.5991586223244667
446,0.5556148774921894
447,0.5582569018006325
448,0.5535120703279972
449,0.5933000221848488
450,0.6250967085361481
451,0.5223346874117851
452,0.5701016932725906
453,0.6014004051685333
454,0.6796758472919464
455,0.6221001222729683
456,0.5584988109767437
457,0.5108228884637356
458,0.5641596168279648
459,0.6107296347618103
460,0.5945696085691452
461,0.502091970294714
462,0.6045073941349983
463,0.6324882209300995
464,0.5742879062891006
465,0.5406319722533226
466,0.6045074239373207
467,0.594048261642456
468,0.5238792635500431
469,0.6274787485599518
470,0.6764742732048035
471,0.5748397558927536
472,0.7332925200462341
473,0.5432736128568649
474,0.5945247411727905
475,0.6182288527488708
476,0.671881377696991
477,0.6310727745294571
478,0.5398547574877739
479,0.6412089020013809
480,0.5833870843052864
481,0.6224567964673042
482,0.604549340903759
483,0.551576305180788
484,0.4538011774420738
485,0.5376659259200096
486,0.5585532151162624
487,0.4946455415338278
488,0.6906862854957581
489,0.6069035828113556
490,0.4599212780594826
491,0.5795760676264763
492,0.5417366921901703
493,0.4736345112323761
494,0.5056783417239785
495,0.7205371111631393
496,0.5744128152728081
497,0.5963790789246559
498,0.5623119845986366
499,0.6655323356389999
500,0.5600078217685223
501,0.5084420377388597
502,0.6301780194044113
503,0.6939820051193237
504,0.5408554188907146
505,0.47307297214865685
506,0.5686858743429184
507,0.5167230293154716
508,0.5905544310808182
509,0.6412982195615768
510,0.5447266325354576
511,0.5541460402309895
512,0.7066612988710403
513,0.5852998942136765
514,0.5211763307452202
515,0.5737667977809906
516,0.6244289502501488
517,0.6122151240706444
518,0.6103633791208267
519,0.577186718583107
520,0.570751890540123
521,0.5531466938555241
522,0.5795450210571289
523,0.637354850769043
524,0.5477518700063229
525,0.6957869231700897
526,0.6359754502773285
527,0.5816189870238304
528,0.5753287598490715
529,0.5406082756817341
530,0.5401401370763779
531,0.6446513831615448
532,0.6997765749692917
533,0.5523737780749798
534,0.5707444921135902
535,0.7076960355043411
536,0.6304601430892944
537,0.5847959816455841
538,0.5670060962438583
539,0.7102116644382477
540,0.7678147554397583
541,0.5691886246204376
542,0.6272571980953217
543,0.6284130215644836
544,0.6076650172472
545,0.6774534583091736
546,0.5601448602974415
547,0.6011021062731743
548,0.609445258975029
549,0.6835094690322876
550,0.5998499244451523
551,0.6816931366920471
552,0.638720914721489
553,0.5177408494055271
554,0.5750687718391418
555,0.6641060560941696
556,0.5683628246188164
557,0.5805669128894806
558,0.6421893686056137
559,0.5544226616621017
560,0.5496474131941795
561,0.577742338180542
562,0.5918408557772636
563,0.5653107911348343
564,0.4910006755962968
565,0.49311637692153454
566,0.6069938689470291
567,0.7133385241031647
568,0.5438906028866768
569,0.5713459998369217
570,0.634917825460434
571,0.6172667816281319
572,0.5797929540276527
573,0.5445992723107338
574,0.6325443834066391
575,0.5703102573752403
576,0.5037599038332701
577,0.5566919147968292
578,0.5574812181293964
579,0.6230015009641647
580,0.5294349901378155
581,0.6153124123811722
582,0.6073700562119484
583,0.5309887956827879
584,0.5993903949856758
585,0.5917342156171799
586,0.6650495529174805
587,0.5165771599858999
588,0.5209048464894295
589,0.5895238220691681
590,0.6495534777641296
591,0.5998535454273224
592,0.6372512876987457
593,0.5623407326638699
594,0.6004042774438858
595,0.6302492320537567
596,0.6054720431566238
597,0.6563144326210022
598,0.5997297167778015
599,0.6456105411052704
600,0.6957971453666687
601,0.5121932253241539
602,0.6354293525218964
603,0.6069204807281494
604,0.5421828329563141
605,0.5784534737467766
606,0.5602013505995274
607,0.6011043712496758
608,0.6041830256581306
609,0.6350480914115906
610,0.5414804518222809
611,0.5979345738887787
612,0.5646825581789017
613,0.5874355286359787
614,0.6885872632265091
615,0.5347162634134293
616,0.5657202899456024
617,0.5502939447760582
618,0.6176110953092575
619,0.6795568913221359
620,0.6643821597099304
621,0.4929536059498787
622,0.5845098569989204
623,0.5817250162363052
624,0.49451537523418665
625,0.6087293773889542
626,0.6180198341608047
627,0.6584009379148483
628,0.7192341685295105
629,0.5251218490302563
630,0.5022249491885304
631,0.5746488198637962
632,0.6447535306215286
633,0.6539576947689056
634,0.552520927041769
635,0.49610374588519335
636,0.6361441314220428
637,0.5259035807102919
638,0.6339399218559265
639,0.597510889172554
640,0.5900658220052719
641,0.6347537636756897
642,0.6306254714727402
643,0.5493906661868095
644,0.4887404516339302
645,0.4821750521659851
646,0.5436637848615646
647,0.5022714002989233
648,0.5621186159551144
649,0.6599086672067642
650,0.5523676872253418
651,0.5966335758566856
652,0.5844895839691162
653,0.5621181093156338
654,0.57771135866642
655,0.6309057772159576
656,0.6119270995259285
657,0.6295673251152039
658,0.5112291751429439
659,0.5936508402228355
660,0.5440984666347504
661,0.6293631196022034
662,0.5740955173969269
663,0.6246130615472794
664,0.5751361101865768
665,0.5607787296175957
666,0.6029164791107178
667,0.6155877336859703
668,0.5305852852761745
669,0.6292935907840729
670,0.6910610795021057
671,0.6527261734008789
672,0.6305122524499893
673,0.552681639790535
674,0.5358845368027687
675,0.5072092479094863
676,0.5905450731515884
677,0.5615687966346741
678,0.5545777417719364
679,0.5691035911440849
680,0.6089812219142914
681,0.6242124065756798
682,0.6460772305727005
683,0.5410188436508179
684,0.5202991329133511
685,0.5742181912064552
686,0.6077324450016022
687,0.6008889973163605
688,0.5633596926927567
689,0.5696346908807755
690,0.5046240976080298
691,0.5542677789926529
692,0.6323617547750473
693,0.6089114919304848
694,0.6940775215625763
695,0.6614889800548553
696,0.6882521212100983
697,0.7002536356449127
698,0.5986942946910858
699,0.4926063399761915
700,0.518532944843173
701,0.5555252060294151
702,0.5719203799962997
703,0.6643020659685135
704,0.5283424351364374
705,0.6178233474493027
706,0.5163385551422834
707,0.5506730601191521
708,0.6280196756124496
709,0.5552314929664135
710,0.506837347522378
711,0.637793555855751
712,0.5491454489529133
713,0.5765547826886177
714,0.577998511493206
715,0.5903271958231926
716,0.6953827738761902
717,0.6213605478405952
718,0.6369926333427429
719,0.5885210707783699
720,0.5650897175073624
721,0.6485027074813843
722,0.6129614561796188
723,0.5641167014837265
724,0.5787319093942642
725,0.5964257344603539
726,0.5308981947600842
727,0.6327920258045197
728,0.5668143630027771
729,0.5526128895580769
730,0.7352622747421265
731,0.5639261677861214
732,0.6127801537513733
733,0.5833549797534943
734,0.6010304614901543
735,0.6200830340385437
736,0.48623212706297636
737,0.5555723309516907
738,0.6316821128129959
739,0.5255957767367363
740,0.6120576933026314
741,0.5193353295326233
742,0.5815152078866959
743,0.6451060175895691
744,0.5630176141858101
745,0.6113666221499443
746,0.5510056056082249
747,0.5775222927331924
748,0.6965691447257996
749,0.5251928195357323
750,0.6417900323867798
751,0.6037195399403572
752,0.583543449640274
753,0.5591493248939514
754,0.5171061083674431
755,0.5991630405187607
756,0.4918209742754698
757,0.5439643114805222
758,0.5400125533342361
759,0.5933141857385635
760,0.7381986975669861
761,0.6023389995098114
762,0.565641850233078
763,0.5711203366518021
764,0.5038359430618584
765,0.5477084927260876
766,0.5097150951623917
767,0.4808517415076494
768,0.6064911559224129
769,0.6431431919336319
770,0.49390580225735903
771,0.6398879289627075
772,0.581239253282547
773,0.5680551826953888
774,0.5643629431724548
775,0.5492184981703758
776,0.5834146961569786
777,0.5635843276977539
778,0.5723141506314278
779,0.6047400534152985
780,0.5471117869019508
781,0.5201892368495464
782,0.5995421260595322
783,0.5950488150119781
784,0.6152171641588211
785,0.579977497458458
786,0.6516509056091309
787,0.5326253175735474
788,0.5935012102127075
789,0.7735810875892639
790,0.5304489526897669
791,0.5409877710044384
792,0.5339178219437599
793,0.6068714112043381
794,0.6476023197174072
795,0.7227733433246613
796,0.601211428642273
797,0.6596679836511612
798,0.5801224038004875
799,0.6428224295377731
800,0.5785204023122787
801,0.6875642389059067
802,0.5089407097548246
803,0.6618156433105469
804,0.6590715646743774
805,0.5645819753408432
806,0.563587099313736
807,0.4369591027498245
808,0.590526208281517
809,0.5249462649226189
810,0.5576713308691978
811,0.548547275364399
812,0.5278013721108437
813,0.5303623136132956
814,0.5274199396371841
815,0.572990208864212
816,0.48684578109532595
817,0.5955142676830292
818,0.7117874175310135
819,0.5693482682108879
820,0.612636961042881
821,0.5448341369628906
822,0.6402656733989716
823,0.5432798191905022
824,0.6517821997404099
825,0.5593422055244446
826,0.6051100492477417
827,0.5835511088371277
828,0.5494820065796375
829,0.6558927744626999
830,0.5421089939773083
831,0.5357303135097027
832,0.6443646550178528
833,0.529958438128233
834,0.5385578610002995
835,0.6396972388029099
836,0.5800349116325378
837,0.5732329934835434
838,0.5071201175451279
839,0.5387490838766098
840,0.4957407619804144
841,0.6189943701028824
842,0.6134720146656036
843,0.577919065952301
844,0.6036990359425545
845,0.5243516433984041
846,0.5517144426703453
847,0.5496162623167038
848,0.6894245743751526
849,0.5888135433197021
850,0.609865739941597
851,0.6790637671947479
852,0.5713167637586594
853,0.5761558338999748
854,0.5884036794304848
855,0.5115041164681315
856,0.6285426169633865
857,0.5152162630110979
858,0.55683858320117
859,0.6405526697635651
860,0.5837508514523506
861,0.604261115193367
862,0.5906291604042053
863,0.6351347267627716
864,0.6111473217606544
865,0.5253438707441092
866,0.6172812879085541
867,0.6017751544713974
868,0.6010714247822762
869,0.6768850386142731
870,0.6087611541152
871,0.5073361992835999
872,0.6006026417016983
873,0.5806742608547211
874,0.6432006508111954
875,0.5622615665197372
876,0.6116699427366257
877,0.5531688146293163
878,0.5057033933699131
879,0.6384313404560089
880,0.5492292456328869
881,0.5150564210489392
882,0.5821511819958687
883,0.5700575485825539
884,0.5713596493005753
885,0.6478206366300583
886,0.6570734232664108
887,0.5314072705805302
888,0.701128751039505
889,0.6026194617152214
890,0.5791926383972168
891,0.52769885212183
892,0.5814799144864082
893,0.6084277331829071
894,0.617406815290451
895,0.5871212407946587
896,0.4915699288249016
897,0.5006941575556993
898,0.4603889212012291
899,0.5269294697791338
900,0.6742439270019531
901,0.6497865617275238
902,0.5915071368217468
903,0.6100890040397644
904,0.5890703722834587
905,0.5105826277285814
906,0.583206295967102
907,0.5615447387099266
908,0.5828990340232849
909,0.5751464813947678
910,0.6190321743488312
911,0.5606461875140667
912,0.5825625583529472
913,0.5408395156264305
914,0.7179705500602722
915,0.6219930946826935
916,0.546337578445673
917,0.5522059686481953
918,0.626982182264328
919,0.6749219447374344
920,0.7648696303367615
921,0.5329717174172401
922,0.6033618599176407
923,0.5984246730804443
924,0.5692049413919449
925,0.545083474367857
926,0.5281798113137484
927,0.7434874176979065
928,0.5809392109513283
929,0.5706204175949097
930,0.6487004458904266
931,0.5570541843771935
932,0.6275293976068497
933,0.6513386964797974
934,0.6098151579499245
935,0.5954474210739136
936,0.5465763285756111
937,0.5938359647989273
938,0.6096079647541046
939,0.5643584057688713
940,0.5722716301679611
941,0.5053892247378826
942,0.5956088304519653
943,0.6660389304161072
944,0.5865940451622009
945,0.5656814426183701
946,0.6634604334831238
947,0.5067168334499002
948,0.5822464227676392
949,0.5426985211670399
950,0.5666625127196312
951,0.5629935413599014
952,0.5916712582111359
953,0.6166404783725739
954,0.49322311859577894
955,0.6590049564838409
956,0.5339932404458523
957,0.676397055387497
958,0.6274536699056625
959,0.5744160264730453
960,0.5336712971329689
961,0.5391531735658646
962,0.6249858289957047
963,0.5656780302524567
964,0.6128056049346924
965,0.4996841186657548
966,0.5555371791124344
967,0.521998330950737
968,0.46907821111381054
969,0.6761140376329422
970,0.5868447124958038
971,0.6857868134975433
972,0.5658545419573784
973,0.56452277302742
974,0.6666096150875092
975,0.5910130962729454
976,0.6069551780819893
977,0.607845813035965
978,0.5138006033375859
979,0.6535435914993286
980,0.5615146234631538
981,0.5770353078842163
982,0.5697681084275246
983,0.5522988364100456
984,0.5246069747954607
985,0.6882230937480927
986,0.6335738301277161
987,0.6390635669231415
988,0.5453643202781677
989,0.6131919473409653
990,0.5431019812822342
991,0.5751762688159943
992,0.6751268804073334
993,0.6831539869308472
994,0.6173675060272217
995,0.5267998315393925
996,0.5074674398638308
997,0.7382359206676483
998,0.4904809119179845
999,0.6056606620550156
1000,0.5677088499069214
1001,0.5768733844161034
1002,0.5687523409724236
1003,0.5571328103542328
1004,0.5307962838560343
1005,0.5628151372075081
1006,0.6206581592559814
1007,0.6086319237947464
1008,0.5332180522382259
1009,0.6736724227666855
1010,0.5277146436274052
1011,0.5820865780115128
1012,0.5696151554584503
1013,0.58731859177351
1014,0.5332242101430893
1015,0.5763978436589241
1016,0.5837715417146683
1017,0.5249520447105169
1018,0.6293834745883942
1019,0.5282351262867451
1020,0.6839275360107422
1021,0.6077147871255875
1022,0.5724174231290817
1023,0.5883768424391747
1024,0.5642239302396774
1025,0.6493892669677734
1026,0.6544009298086166
1027,0.5849504843354225
1028,0.6082056015729904
1029,0.5822254568338394
1030,0.5624202229082584
1031,0.48778778687119484
1032,0.6339333057403564
1033,0.534393422305584
1034,0.5577081590890884
1035,0.5779550969600677
1036,0.5648563206195831
1037,0.6421452760696411
1038,0.6036256030201912
1039,0.668560341000557
1040,0.5919071957468987
1041,0.5401737987995148
1042,0.6019591391086578
1043,0.5458088889718056
1044,0.6261355429887772
1045,0.5829547122120857
1046,0.739243358373642
1047,0.614104874432087
1048,0.6139128357172012
1049,0.5670460760593414
1050,0.5051476145163178
1051,0.5810662060976028
1052,0.5844825580716133
1053,0.6169250011444092
1054,0.5592014603316784
1055,0.6569927334785461
1056,0.5493550300598145
1057,0.5817858278751373
1058,0.6345210373401642
1059,0.5951807498931885
1060,0.5799094438552856
1061,0.6498955488204956
1062,0.5462066978216171
1063,0.5904213115572929
1064,0.6423947811126709
1065,0.5673213824629784
1066,0.5708198100328445
1067,0.5792276784777641
1068,0.5660311132669449
1069,0.7555057406425476
1070,0.523838335648179
1071,0.5783049315214157
1072,0.6452024579048157
1073,0.6128344237804413
1074,0.4728928208351135
1075,0.666135162115097
1076,0.5953362733125687
1077,0.5384361147880554
1078,0.649532288312912
1079,0.6489376723766327
1080,0.5757669657468796
1081,0.6479512751102448
1082,0.6172863319516182
1083,0.5661192834377289
1084,0.6107477471232414
1085,0.5385005734860897
1086,0.5059206713922322
1087,0.497443912550807
1088,0.5655877590179443
1089,0.5623105019330978
1090,0.5513234287500381
1091,0.5799737796187401
1092,0.452811636030674
1093,0.6261431574821472
1094,0.683215856552124
1095,0.4910960700362921
1096,0.6074816584587097
1097,0.5710417255759239
1098,0.5795859098434448
1099,0.6000071838498116
1100,0.6322590559720993
1101,0.6164681166410446
1102,0.4915284374728799
1103,0.6027660816907883
1104,0.5499973855912685
1105,0.6160208135843277
1106,0.6375364661216736
1107,0.5392143726348877
1108,0.5753767117857933
1109,0.5966014862060547
1110,0.5444680452346802
1111,0.5926956534385681
1112,0.674923449754715
1113,0.6322691291570663
1114,0.7012654542922974
1115,0.5076841851696372
1116,0.6678825914859772
1117,0.7219110727310181
1118,0.7004663944244385
1119,0.5795505791902542
1120,0.635453999042511
1121,0.6606032848358154
1122,0.5732356160879135
1123,0.596410259604454
1124,0.5679157003760338
1125,0.6018371358513832
1126,0.5767430365085602
1127,0.5595829114317894
1128,0.5189565867185593
1129,0.6105942502617836
1130,0.5757719501852989
1131,0.5420471355319023
1132,0.6539456099271774
1133,0.6335532069206238
1134,0.6074583381414413
1135,0.5862613320350647
1136,0.6150431782007217
1137,0.636370062828064
1138,0.6524157226085663
1139,0.5843167826533318
1140,0.606006994843483
1141,0.5591576993465424
1142,0.6173001378774643
1143,0.6246484965085983
1144,0.5693951919674873
1145,0.5785170421004295
1146,0.5648903250694275
1147,0.5936030372977257
1148,0.6515445411205292
1149,0.5657751113176346
1150,0.6572244167327881
1151,0.7074933648109436
1152,0.5820523202419281
1153,0.5818712264299393
1154,0.6550268828868866
1155,0.5401303693652153
1156,0.6837434470653534
1157,0.6103681921958923
1158,0.5842409506440163
1159,0.5893360301852226
1160,0.5721384808421135
1161,0.587949812412262
1162,0.5849125236272812
1163,0.5499548316001892
1164,0.5931852906942368
1165,0.5881667360663414
1166,0.6001751720905304
1167,0.5694501176476479
1168,0.6058286726474762
1169,0.5167139247059822
1170,0.645391434431076
1171,0.5508109666407108
1172,0.5414758622646332
1173,0.5951401069760323
1174,0.5592720694839954
1175,0.5190356057137251
1176,0.4990514861419797
1177,0.5040964279323816
1178,0.5897651463747025
1179,0.6577925682067871
1180,0.5955983251333237
1181,0.5673536285758018
1182,0.49211304262280464
1183,0.6877704858779907
1184,0.5357010662555695
1185,0.6220154911279678
1186,0.6062690541148186
1187,0.6241893544793129
1188,0.6462846547365189
1189,0.5408733636140823
1190,0.5614626519382
1191,0.5851578414440155
1192,0.6073073968291283
1193,0.6296462118625641
1194,0.7241203486919403
1195,0.5765498578548431
1196,0.5584762319922447
1197,0.6107686758041382
1198,0.6355610489845276
1199,0.6759663820266724
1200,0.5804778337478638
1201,0.610320582985878
1202,0.615713007748127
1203,0.6305909752845764
1204,0.534220490604639
1205,0.5945844501256943
1206,0.6981162130832672
1207,0.6175142526626587
1208,0.5468334592878819
1209,0.5135148987174034
1210,0.5569629371166229
1211,0.4778065513819456
1212,0.6594646573066711
1213,0.6311229020357132
1214,0.560940582305193
1215,0.49323195591568947
1216,0.5471484959125519
1217,0.637071430683136
1218,0.5791933014988899
1219,0.5633666515350342
1220,0.5898083969950676
1221,0.595122292637825
1222,0.5728349983692169
1223,0.5623488500714302
1224,0.6123447194695473
1225,0.589728094637394
1226,0.5374363139271736
1227,0.611065074801445
1228,0.4960650494322181
1229,0.6827780604362488
1230,0.6429140865802765
1231,0.6806469559669495
1232,0.5076484866440296
1233,0.5860954225063324
1234,0.6180766671895981
1235,0.5662885159254074
1236,0.5590274147689342
1237,0.5256531611084938
1238,0.5573112964630127
1239,0.6382489204406738
1240,0.5835866928100586
1241,0.596119649708271
1242,0.606772243976593
1243,0.6135911196470261
1244,0.5522222258150578
1245,0.5265587363392115
1246,0.569380447268486
1247,0.6561243832111359
1248,0.5346628502011299
1249,0.6535465717315674
1250,0.5323028415441513
1251,0.6542490124702454
1252,0.7262633740901947
1253,0.5693131238222122
1254,0.5187529530376196
1255,0.6108639687299728
1256,0.5942308977246284
1257,0.6345646679401398
1258,0.5362311452627182
1259,0.6079623773694038
1260,0.56222914904356
1261,0.5004615467041731
1262,0.780655562877655
1263,0.6736330687999725
1264,0.5722823143005371
1265,0.588208369910717
1266,0.601953849196434
1267,0.5576320588588715
1268,0.5571960546076298
1269,0.692478358745575
1270,0.5315760001540184
1271,0.6356756687164307
1272,0.5965603590011597
1273,0.5442706570029259
1274,0.5988491550087929
1275,0.6469005942344666
1276,0.5187720265239477
1277,0.6170314252376556
1278,0.5915800034999847
1279,0.637354701757431
1280,0.5924863666296005
1281,0.6219041049480438
1282,0.5208433382213116
1283,0.6425920128822327
1284,0.6177426427602768
1285,0.5122435139492154
1286,0.5668110996484756
1287,0.5704734101891518
1288,0.5762321650981903
1289,0.6274392902851105
1290,0.5800158306956291
1291,0.5911035537719727
1292,0.5591908097267151
1293,0.6304028034210205
1294,0.5798208117485046
1295,0.6140448302030563
1296,0.7506771087646484
1297,0.6026493236422539
1298,0.5633803158998489
1299,0.6278588175773621
1300,0.6216651126742363
1301,0.543525718152523
1302,0.7694767117500305
1303,0.5928734168410301
1304,0.5394014194607735
1305,0.6200277507305145
1306,0.5831421911716461
1307,0.6066363751888275
1308,0.6417971253395081
1309,0.5505035445094109
1310,0.5757037103176117
1311,0.591283991932869
1312,0.5924235582351685
1313,0.724561870098114
1314,0.6736083626747131
1315,0.5821031332015991
1316,0.622628703713417
1317,0.5557475946843624
1318,0.5703224912285805
1319,0.5764024183154106
1320,0.5655050128698349
1321,0.6005822569131851
1322,0.6183799505233765
1323,0.5746257603168488
1324,0.49780614813789725
1325,0.636237233877182
1326,0.5169782042503357
1327,0.6506105214357376
1328,0.5429672524333
1329,0.6359616369009018
1330,0.541614506393671
1331,0.6757731437683105
1332,0.5934954732656479
1333,0.518436424434185
1334,0.5634921938180923
1335,0.5523681379854679
1336,0.584638200700283
1337,0.5903262943029404
1338,0.6577547192573547
1339,0.4917203485965729
1340,0.6421535909175873
1341,0.6482381224632263
1342,0.5549809783697128
1343,0.540144294500351
1344,0.565579392015934
1345,0.6144833639264107
1346,0.5947725772857666
1347,0.687736451625824
1348,0.564864993095398
1349,0.5325831547379494
1350,0.6453475952148438
1351,0.557658813893795
1352,0.5081997727975249
1353,0.6315889358520508
1354,0.6714069545269012
1355,0.5577687807381153
1356,0.6285629123449326
1357,0.6191791072487831
1358,0.6514438986778259
1359,0.5594748929142952
1360,0.5560828074812889
1361,0.5799213424324989
1362,0.5421525090932846
1363,0.4683731459081173
1364,0.5111079327762127
1365,0.5764851570129395
1366,0.5454317405819893
1367,0.59388867020607
1368,0.5129414703696966
1369,0.6606341153383255
1370,0.6273064911365509
1371,0.6370996087789536
1372,0.5481297224760056
1373,0.6038689166307449
1374,0.5603445842862129
1375,0.5426281616091728
1376,0.6132082790136337
1377,0.5850141644477844
1378,0.6781036704778671
1379,0.5985394194722176
1380,0.6808456778526306
1381,0.6296448111534119
1382,0.6011324524879456
1383,0.5403790026903152
1384,0.5728496387600899
1385,0.5630803406238556
1386,0.6109264642000198
1387,0.5671889334917068
1388,0.6193754822015762
1389,0.5000586370006204
1390,0.5699726492166519
1391,0.6807535290718079
1392,0.6696145832538605
1393,0.5503517836332321
1394,0.6087797060608864
1395,0.6149053424596786
1396,0.5623989142477512
1397,0.6951965838670731
1398,0.5711564123630524
1399,0.5410557761788368
1400,0.6033268868923187
1401,0.5653722733259201
1402,0.4955801358446479
1403,0.5361970663070679
1404,0.5328504517674446
1405,0.5838309228420258
1406,0.6810103058815002
1407,0.5589700527489185
1408,0.5902421399950981
1409,0.6754847466945648
1410,0.5399610176682472
1411,0.6290658712387085
1412,0.6154416128993034
1413,0.5544061549007893
1414,0.5407256633043289
1415,0.627956435084343
1416,0.5829801559448242
1417,0.5914415046572685
1418,0.5645404309034348
1419,0.5051880753599107
1420,0.6246904358267784
1421,0.49021058063954115
1422,0.5882471799850464
1423,0.7539137005805969
1424,0.5004330528900027
1425,0.5336726680397987
1426,0.511742752045393
1427,0.5416329130530357
1428,0.5537812076508999
1429,0.522813381627202
1430,0.649104505777359
1431,0.6287321746349335
1432,0.6101884692907333
1433,0.6214915364980698
1434,0.7219048291444778
1435,0.5980339348316193
1436,0.5907159000635147
1437,0.6459492444992065
1438,0.5830539911985397
1439,0.6095794066786766
1440,0.6032664254307747
1441,0.5711289495229721
1442,0.5522903874516487
1443,0.7555887699127197
1444,0.639405220746994
1445,0.6295118033885956
1446,0.5375890284776688
1447,0.6093000769615173
1448,0.5974266529083252
1449,0.6030998006463051
1450,0.48918281868100166
1451,0.6360687017440796
1452,0.48678701743483543
1453,0.6050474494695663
1454,0.586562842130661
1455,0.5402606129646301
1456,0.5782530903816223
1457,0.7747716307640076
1458,0.5275713447481394
1459,0.6569250524044037
1460,0.537310890853405
1461,0.5403500571846962
1462,0.528796786442399
1463,0.5366109535098076
1464,0.5413081049919128
1465,0.5910368114709854
1466,0.5625437200069427
1467,0.5895357355475426
1468,0.6311468780040741
1469,0.5071476632729173
1470,0.6733210235834122
1471,0.44001900404691696
1472,0.6054297685623169
1473,0.6476020216941833
1474,0.5846430882811546
1475,0.6454450190067291
1476,0.5728883445262909
1477,0.4963757321238518
1478,0.5031190332956612
1479,0.6276633888483047
1480,0.6145777627825737
1481,0.6275525987148285
1482,0.5720593184232712
1483,0.5006856718100607
1484,0.6333158016204834
1485,0.5734537839889526
1486,0.5586275234818459
1487,0.5770138651132584
1488,0.6746488660573959
1489,0.7376478910446167
1490,0.5007612686604261
1491,0.514916468411684
1492,0.5373306013643742
1493,0.5679356753826141
1494,0.5170375145971775
1495,0.5001057982444763
1496,0.5857203602790833
1497,0.5012686979025602
1498,0.46156487613916397
1499,0.550987720489502
1500,0.5333818756043911
1501,0.5720988810062408
1502,0.5485870689153671
1503,0.5745335072278976
1504,0.5997484251856804
1505,0.47384878993034363
1506,0.6275265961885452
1507,0.5205008834600449
1508,0.5827143341302872
1509,0.5618537701666355
1510,0.5513188987970352
1511,0.6067781448364258
1512,0.5716612040996552
1513,0.534015454351902
1514,0.584155984222889
1515,0.49794561765156686
1516,0.5689755529165268
1517,0.6152030751109123
1518,0.6341071724891663
1519,0.6448185592889786
1520,0.5939850062131882
1521,0.5476124957203865
1522,0.7556902170181274
1523,0.6570721119642258
1524,0.523448783904314
1525,0.5516046024858952
1526,0.6864027380943298
1527,0.6218108311295509
1528,0.5465530678629875
1529,0.6808530241250992
1530,0.5529505051672459
1531,0.5535693541169167
1532,0.5175278261303902
1533,0.5655193030834198
1534,0.49051522463560104
1535,0.6211961433291435
1536,0.5890898704528809
1537,0.4636276811361313
1538,0.5551234371960163
1539,0.5362659394741058
1540,0.6002999171614647
1541,0.498372842092067
1542,0.5556287132203579
1543,0.6014913767576218
1544,0.5172406286001205
1545,0.6226600110530853
1546,0.6330926269292831
1547,0.5607502795755863
1548,0.6225630193948746
1549,0.7137703597545624
1550,0.5856147557497025
1551,0.5282103680074215
1552,0.6643181443214417
1553,0.5907286554574966
1554,0.6899553835391998
1555,0.6507196128368378
1556,0.6153365820646286
1557,0.5280065834522247
1558,0.6275531053543091
1559,0.5513297915458679
1560,0.5900493860244751
1561,0.5447776205837727
1562,0.44263409450650215
1563,0.5823461562395096
1564,0.6028372421860695
1565,0.6251318454742432
1566,0.5710224881768227
1567,0.5489601939916611
1568,0.5925818905234337
1569,0.6054213494062424
1570,0.5631479471921921
1571,0.6292075961828232
1572,0.5643303841352463
1573,0.49497847724705935
1574,0.5825961530208588
1575,0.6091328710317612
1576,0.5415513701736927
1577,0.4831882454454899
1578,0.5615698471665382
1579,0.5296113900840282
1580,0.6209626868367195
1581,0.5989329442381859
1582,0.5434861406683922
1583,0.6249480247497559
1584,0.5709134191274643
1585,0.5859384760260582
1586,0.6265097856521606
1587,0.6425004303455353
1588,0.5398849993944168
1589,0.635574609041214
1590,0.6809730678796768
1591,0.613138347864151
1592,0.5986723154783249
1593,0.537870679050684
1594,0.706231564283371
1595,0.564134880900383
1596,0.5844954773783684
1597,0.5708262473344803
1598,0.5271616242825985
1599,0.5413459874689579
1600,0.5033407295122743
1601,0.5769774690270424
1602,0.7033855617046356
1603,0.6283473968505859
1604,0.6371826231479645
1605,0.6398366987705231
1606,0.5874871909618378
1607,0.5631262809038162
1608,0.5114349350333214
1609,0.6010430380702019
1610,0.7372913360595703
1611,0.524814423173666
1612,0.46618323028087616
1613,0.7707916796207428
1614,0.6215659976005554
1615,0.5400414727628231
1616,0.5625631809234619
1617,0.49803753197193146
1618,0.6169483885169029
1619,0.5528617016971111
1620,0.502734798938036
1621,0.598386786878109
1622,0.6175108104944229
1623,0.6239038333296776
1624,0.6526920795440674
1625,0.5362188555300236
1626,0.5002208896912634
1627,0.5414830446243286
1628,0.6629076153039932
1629,0.6927389800548553
1630,0.5895374268293381
1631,0.7182740420103073
1632,0.5182501468807459
1633,0.6819004416465759
1634,0.5937346145510674
1635,0.592496745288372
1636,0.6953402459621429
1637,0.559030320495367
1638,0.5676544085144997
1639,0.5319290980696678
1640,0.6240851134061813
1641,0.59859299659729
1642,0.5529949627816677
1643,0.5845207199454308
1644,0.5471593923866749
1645,0.5509131141006947
1646,0.5039244871586561
1647,0.5929959192872047
1648,0.6032069623470306
1649,0.6009060814976692
1650,0.5199765395373106
1651,0.6920228153467178
1652,0.6574706435203552
1653,0.536112941801548
1654,0.5787312835454941
1655,0.5987613275647163
1656,0.5954033061861992
1657,0.5133547531440854
1658,0.6340708881616592
1659,0.5404699146747589
1660,0.5624498948454857
1661,0.6090115532279015
1662,0.6211023330688477
1663,0.6362434327602386
1664,0.5905136689543724
1665,0.6337614059448242
1666,0.5941263288259506
1667,0.6781718879938126
1668,0.5130880624055862
1669,0.584919661283493
1670,0.5345603860914707
1671,0.6216026172041893
1672,0.5104274023324251
1673,0.6459859013557434
1674,0.5024002464488149
1675,0.5021258927881718
1676,0.6240231990814209
1677,0.664088785648346
1678,0.5824253559112549
1679,0.5167773868888617
1680,0.5786577612161636
1681,0.477308789268136
1682,0.5095559470355511
1683,0.6365495920181274
1684,0.633541077375412
1685,0.6066341400146484
1686,0.5618119761347771
1687,0.6122895032167435
1688,0.6126353740692139
1689,0.5541724041104317
1690,0.5278266109526157
1691,0.5443982258439064
1692,0.5368041172623634
1693,0.5400414727628231
1694,0.705857589840889
1695,0.5659556910395622
1696,0.5779108256101608
1697,0.6623312085866928
1698,0.5796521976590157
1699,0.595385380089283
1700,0.5719486251473427
1701,0.6088662296533585
1702,0.6001599505543709
1703,0.7740588188171387
1704,0.5933261960744858
1705,0.5421599484980106
1706,0.6499208956956863
1707,0.6502700001001358
1708,0.5769757777452469
1709,0.5187644716352224
1710,0.6305490583181381
1711,0.4988654013723135
1712,0.6014079600572586
1713,0.6799798905849457
1714,0.5810177773237228
1715,0.6312978714704514
1716,0.6353621780872345
1717,0.5638737082481384
1718,0.5310393571853638
1719,0.5441799461841583
1720,0.5530310571193695
1721,0.5510693415999413
1722,0.659700483083725
1723,0.552187517285347
1724,0.6627576947212219
1725,0.5682691037654877
1726,0.6501763761043549
1727,0.5696806907653809
1728,0.6535224914550781
1729,0.5507316961884499
1730,0.49488769518211484
1731,0.5440340302884579
1732,0.5909780785441399
1733,0.5636506229639053
1734,0.5401618853211403
1735,0.561041820794344
1736,0.6678099036216736
1737,0.7023217380046844
1738,0.6235629916191101
1739,0.5080235553905368
1740,0.7105517387390137
1741,0.6905636042356491
1742,0.5877594724297523
1743,0.6972149610519409
1744,0.5584423281252384
1745,0.5710355341434479
1746,0.6207132115960121
1747,0.6597364246845245
1748,0.5810852348804474
1749,0.5915627703070641
1750,0.6634426116943359
1751,0.6283742785453796
1752,0.5711764097213745
1753,0.558248121291399
1754,0.6630775630474091
1755,0.5122844893485308
1756,0.671208918094635
1757,0.565296433866024
1758,0.5331725105643272
1759,0.6319741755723953
1760,0.6048089787364006
1761,0.6130015552043915
1762,0.5312223024666309
1763,0.5832706242799759
1764,0.43532079458236694
1765,0.6338303983211517
1766,0.5974355638027191
1767,0.6141318082809448
1768,0.5553296357393265
1769,0.46792421489953995
1770,0.551561675965786
1771,0.580749623477459
1772,0.5160761922597885
1773,0.5108151864260435
1774,0.5680610910058022
1775,0.6368580758571625
1776,0.626364603638649
1777,0.5060333954170346
1778,0.5727959424257278
1779,0.5763732120394707
1780,0.6026269495487213
1781,0.5931982547044754
1782,0.6044823676347733
1783,0.658694326877594
1784,0.6162657141685486
1785,0.6016706600785255
1786,0.5465591922402382
1787,0.6215618699789047
1788,0.6788167804479599
1789,0.5853863880038261
1790,0.5990921854972839
1791,0.6513032913208008
1792,0.5608412735164165
1793,0.6994702219963074
1794,0.4989228374324739
1795,0.568839780986309
1796,0.5702013224363327
1797,0.6112938672304153
1798,0.5883450657129288
1799,0.5818534642457962
1800,0.7053979635238647
1801,0.5886526182293892
1802,0.6046910136938095
1803,0.5279431119561195
1804,0.5960662066936493
1805,0.5335561409592628
1806,0.6119936928153038
1807,0.5862143486738205
1808,0.538482379168272
1809,0.6304314732551575
1810,0.603213720023632
1811,0.6118365824222565
1812,0.5731390118598938
1813,0.5083264894783497
1814,0.754575252532959
1815,0.5517393834888935
1816,0.489033380523324
1817,0.5797324925661087
1818,0.5273636635392904
1819,0.5163154676556587
1820,0.6137946993112564
1821,0.5520185083150864
1822,0.5339265428483486
1823,0.6450121998786926
1824,0.6128172650933266
1825,0.5603953972458839
1826,0.48613162338733673
1827,0.6216792464256287
1828,0.5649497881531715
1829,0.5965283364057541
1830,0.6059385612607002
1831,0.528247132897377
1832,0.5985371544957161
1833,0.632333368062973
1834,0.6101164817810059
1835,0.5815875083208084
1836,0.5562438368797302
1837,0.6501001864671707
1838,0.5328591279685497
1839,0.6314573287963867
1840,0.7129991948604584
1841,0.5942621976137161
1842,0.591517835855484
1843,0.6532392203807831
1844,0.5665818974375725
1845,0.6359190344810486
1846,0.6250661611557007
1847,0.6877697110176086
1848,0.5776980072259903
1849,0.6831743270158768
1850,0.6949010193347931
1851,0.5643478408455849
1852,0.6479542255401611
1853,0.5540331676602364
1854,0.5221193693578243
1855,0.4898362960666418
1856,0.5986061990261078
1857,0.5335090383887291
1858,0.5591078922152519
1859,0.674483135342598
1860,0.5993068739771843
1861,0.6823985278606415
1862,0.5377460494637489
1863,0.507913064211607
1864,0.6061994880437851
1865,0.480127165094018
1866,0.5211426597088575
1867,0.5119579955935478
1868,0.655143991112709
1869,0.5644696950912476
1870,0.5451824888586998
1871,0.533855989575386
1872,0.5408362857997417
1873,0.6923493891954422
1874,0.5446264818310738
1875,0.646566778421402
1876,0.6097240820527077
1877,0.5598400980234146
1878,0.6104078739881516
1879,0.6483684778213501
1880,0.513320604339242
1881,0.590966060757637
1882,0.6239445582032204
1883,0.5859919041395187
1884,0.6274974048137665
1885,0.6083542704582214
1886,0.7274531424045563
1887,0.5717116743326187
1888,0.6174417957663536
1889,0.5362258702516556
1890,0.5178381092846394
1891,0.6560232937335968
1892,0.5226348005235195
1893,0.5802283510565758
1894,0.603129506111145
1895,0.589692011475563
1896,0.5865043103694916
1897,0.5671561807394028
1898,0.6032186225056648
1899,0.6245276853442192
1900,0.5253113098442554
1901,0.6966153085231781
1902,0.6531793177127838
1903,0.6323354244232178
1904,0.6025818735361099
1905,0.5709215477108955
1906,0.5198210161179304
1907,0.661584734916687
1908,0.5537989288568497
1909,0.6391626298427582
1910,0.5898890793323517
1911,0.5966226756572723
1912,0.5891526490449905
1913,0.5178540162742138
1914,0.5346392281353474
1915,0.6082621961832047
1916,0.6543503105640411
1917,0.6137915328145027
1918,0.6159017533063889
1919,0.532568022608757
1920,0.5746173560619354
1921,0.5719551891088486
1922,0.6749256551265717
1923,0.540342178195715
1924,0.5227485951036215
1925,0.7366068363189697
1926,0.6504615992307663
1927,0.5945438891649246
1928,0.6866980195045471
1929,0.5595797225832939
1930,0.6022607758641243
1931,0.6373073756694794
1932,0.510022358968854
1933,0.5468150563538074
1934,0.5928157642483711
1935,0.5417551919817924
1936,0.634100154042244
1937,0.6797268688678741
1938,0.5537412837147713
1939,0.6129286140203476
1940,0.6924051344394684
1941,0.580773152410984
1942,0.5565711781382561
1943,0.6207079961895943
1944,0.6002161502838135
1945,0.5677007287740707
1946,0.7195882201194763
1947,0.6611770689487457
1948,0.5764259472489357
1949,0.6717873066663742
1950,0.4924720795825124
1951,0.5415215380489826
1952,0.5044221850112081
1953,0.6368207335472107
1954,0.6250589787960052
1955,0.5874321758747101
1956,0.5848103985190392
1957,0.6870647966861725
1958,0.47009892389178276
1959,0.617045670747757
1960,0.5704700797796249
1961,0.5990912616252899
1962,0.5198372341692448
1963,0.6086784824728966
1964,0.643854945898056
1965,0.6589146852493286
1966,0.5985395610332489
1967,0.6008386090397835
1968,0.5074519654735923
1969,0.5479667074978352
1970,0.580207109451294
1971,0.5613403953611851
1972,0.6936368495225906
1973,0.7167684733867645
1974,0.56324303150177
1975,0.5347068905830383
1976,0.5803003385663033
1977,0.6871800124645233
1978,0.5958671197295189
1979,0.6061165630817413
1980,0.5087141580879688
1981,0.5777176469564438
1982,0.5092390608042479
1983,0.5443309061229229
1984,0.4974707695655525
1985,0.5331583991646767
1986,0.6189194172620773
1987,0.5491378381848335
1988,0.5482314042747021
1989,0.5820725336670876
1990,0.5365602299571037
1991,0.5580791234970093
1992,0.5630176588892937
1993,0.6918419301509857
1994,0.5843717455863953
1995,0.6000755876302719
1996,0.6869668066501617
1997,0.5637475252151489
1998,0.6017213612794876
1999,0.6116896420717239
2000,0.5423092395067215
2001,0.6571716964244843
2002,0.5629885494709015
2003,0.7327082306146622
2004,0.5809038877487183
2005,0.6136929467320442
2006,0.601932555437088
2007,0.5766401290893555
2008,0.6008571237325668
2009,0.5557113587856293
2010,0.5671052113175392
2011,0.5874097347259521
2012,0.6215081587433815
2013,0.5845604985952377
2014,0.6243211179971695
2015,0.6067572310566902
2016,0.5686450600624084
2017,0.6617943942546844
2018,0.6272390484809875
2019,0.5919186100363731
2020,0.5579323284327984
2021,0.7070254683494568
2022,0.613275870680809
2023,0.6931263506412506
2024,0.6163399443030357
2025,0.6132545918226242
2026,0.6690813452005386
2027,0.6347881853580475
2028,0.4986267630010843
2029,0.6285811215639114
2030,0.5380503460764885
2031,0.6276346743106842
2032,0.6173062175512314
2033,0.489345352165401
2034,0.6831662207841873
2035,0.5131390085443854
2036,0.5617281161248684
2037,0.5010173683986068
2038,0.6534653604030609
2039,0.5908141732215881
2040,0.6612472236156464
2041,0.49676254810765386
2042,0.5900726616382599
2043,0.5907567888498306
2044,0.7641717195510864
2045,0.6837323009967804
2046,0.649114191532135
2047,0.5454465374350548
2048,0.5337361916899681
2049,0.7347522675991058
2050,0.5696743428707123
2051,0.6421145498752594
2052,0.4763599056750536
2053,0.5975411236286163
2054,0.5163368880748749
2055,0.5998608618974686
2056,0.6381597220897675
2057,0.5202881805598736
2058,0.5166618302464485
2059,0.560256902128458
2060,0.6026543527841568
2061,0.6343801915645599
2062,0.5205164942890406
2063,0.5659124925732613
2064,0.5815611779689789
2065,0.5645385012030602
2066,0.5060634771361947
2067,0.5785848051309586
2068,0.5745342001318932
2069,0.5776277855038643
2070,0.5581282265484333
2071,0.6311681568622589
2072,0.6097807139158249
2073,0.4483897015452385
2074,0.5022228453308344
2075,0.5265948045998812
2076,0.47461982630193233
2077,0.5576067306101322
2078,0.5990453511476517
2079,0.5854738876223564
2080,0.6052286475896835
2081,0.6279390603303909
2082,0.545984786003828
2083,0.652469739317894
2084,0.7317272871732712
2085,0.576799787580967
2086,0.5532654523849487
2087,0.49360614782199264
2088,0.556539747864008
2089,0.6247847080230713
2090,0.6043168306350708
2091,0.5661025941371918
2092,0.583724319934845
2093,0.5468292459845543
2094,0.5669691786170006
2095,0.4580801948904991
2096,0.5502341985702515
2097,0.5582431927323341
2098,0.6510976999998093
2099,0.5065824962221086
2100,0.5524282194674015
2101,0.5916628986597061
2102,0.6227818727493286
2103,0.6334198862314224
2104,0.5514121651649475
2105,0.6070078462362289
2106,0.535783976316452
2107,0.6836587488651276
2108,0.5180561486631632
2109,0.6110819652676582
2110,0.5982624739408493
2111,0.5098740914836526
2112,0.5855367630720139
2113,0.5435566455125809
2114,0.6588584184646606
2115,0.5215361565351486
2116,0.5311184301972389
2117,0.5423325188457966
2118,0.5481702834367752
2119,0.515146991237998
2120,0.5511652678251266
2121,0.4913904219865799
2122,0.5624915696680546
2123,0.5586091130971909
2124,0.5365342870354652
2125,0.521426361054182
2126,0.629978209733963
2127,0.6603176593780518
2128,0.5653327628970146
2129,0.6156115382909775
2130,0.5518561489880085
2131,0.5343256518244743
2132,0.6278761923313141
2133,0.6729589402675629
2134,0.4962749667465687
2135,0.49719945481047034
2136,0.6277841776609421
2137,0.5218023620545864
2138,0.6776309758424759
2139,0.540194921195507
2140,0.6602743715047836
2141,0.6450313329696655
2142,0.5025645596906543
2143,0.6907686293125153
2144,0.5504916273057461
2145,0.5192045606672764
2146,0.5496736690402031
2147,0.5425770878791809
2148,0.521788515150547
2149,0.6078481078147888
2150,0.609260194003582
2151,0.576027899980545
2152,0.5241118688136339
2153,0.6072951480746269
2154,0.5312963053584099
2155,0.6020423322916031
2156,0.6139086782932281
2157,0.599261462688446
2158,0.5304735228419304
2159,0.5402431301772594
2160,0.607996977865696
2161,0.5624401830136776
2162,0.5556832738220692
2163,0.5301851462572813
2164,0.610131025314331
2165,0.4925905540585518
2166,0.6139371544122696
2167,0.5017830170691013
2168,0.536893654614687
2169,0.6071962416172028
2170,0.5384176149964333
2171,0.5177839584648609
2172,0.657952144742012
2173,0.6681911945343018
2174,0.526004446670413
2175,0.5577280558645725
2176,0.6037255227565765
2177,0.5733882039785385
2178,0.5475446507334709
2179,0.59048230946064
2180,0.637934684753418
2181,0.6204416751861572
2182,0.6122618913650513
2183,0.5366067327558994
2184,0.5299456492066383
2185,0.5853411853313446
2186,0.5004775114357471
2187,0.6217503175139427
2188,0.5155347222462296
2189,0.5589045621454716
2190,0.5762394964694977
2191,0.5930564105510712
2192,0.5336251743137836
2193,0.6054062321782112
2194,0.5491043962538242
2195,0.4842869136482477
2196,0.566196858882904
2197,0.6376394629478455
2198,0.5633266419172287
2199,0.5540296696126461
2200,0.6230871453881264
2201,0.6141541823744774
2202,0.6041035652160645
2203,0.669664740562439
2204,0.6874628067016602
2205,0.6209918111562729
2206,0.6014321595430374
2207,0.5691489055752754
2208,0.5509846359491348
2209,0.5880666375160217
2210,0.6635269522666931
2211,0.5449527353048325
2212,0.6002000644803047
2213,0.6859656572341919
2214,0.5208006761968136
2215,0.5847862362861633
2216,0.5318087339401245
2217,0.5117309233173728
2218,0.6232697293162346
2219,0.6653008013963699
2220,0.638403907418251
2221,0.5474519804120064
2222,0.6328831911087036
2223,0.6220131143927574
2224,0.6679810285568237
2225,0.6068753153085709
2226,0.554187722504139
2227,0.5088180471211672
2228,0.5528125017881393
2229,0.7003117203712463
2230,0.5551834963262081
2231,0.580123633146286
2232,0.6288138329982758
2233,0.6146601960062981
2234,0.5894187688827515
2235,0.6007800996303558
2236,0.6549512445926666
2237,0.5660245046019554
2238,0.6559247970581055
2239,0.6294514238834381
2240,0.691738173365593
2241,0.6212486028671265
2242,0.5355348773300648
2243,0.5129389790818095
2244,0.519389096647501
2245,0.6038491129875183
2246,0.6209686696529388
2247,0.5562437176704407
2248,0.5893345400691032
2249,0.6112704798579216
2250,0.6865220069885254
2251,0.5096898302435875
2252,0.5167027935385704
2253,0.5739241391420364
2254,0.5858448967337608
2255,0.588905967772007
2256,0.566148966550827
2257,0.5399730503559113
2258,0.5991441756486893
2259,0.6405538618564606
2260,0.652212843298912
2261,0.5707674026489258
2262,0.6603481471538544
2263,0.5471736751496792
2264,0.49600187316536903
2265,0.630034327507019
2266,0.5483459234237671
2267,0.538764949887991
2268,0.5912956893444061
2269,0.5449143275618553
2270,0.6287698447704315
2271,0.5476428642868996
2272,0.6665237843990326
2273,0.5273460857570171
2274,0.586463674902916
2275,0.6181363463401794
2276,0.6731175184249878
2277,0.5400359779596329
2278,0.5374472923576832
2279,0.5243215169757605
2280,0.5285389684140682
2281,0.48466971796005964
2282,0.7317981868982315
2283,0.6183956116437912
2284,1.000000238418579
2285,0.6429505050182343
2286,0.6077237352728844
2287,0.5616248100996017
2288,0.5401482358574867
2289,0.5405202060937881
2290,0.5930960699915886
2291,0.6981493532657623
2292,0.607043907046318
2293,0.5121415872126818
2294,0.6378048062324524
2295,0.6187155991792679
2296,0.5578135922551155
2297,0.718286544084549
2298,0.5018331743776798
2299,0.5546236857771873
2300,0.5343354865908623
2301,0.6671806573867798
2302,0.5547842234373093
2303,0.5892606824636459
2304,0.5226702727377415
2305,0.6009268015623093
2306,0.5613680332899094
2307,0.5875217467546463
2308,0.5394722111523151
2309,0.5664501711726189
2310,0.4834606982767582
2311,0.6021874397993088
2312,0.5383092202246189
2313,0.8136152625083923
2314,0.5369137488305569
2315,0.7707551419734955
2316,0.567405566573143
2317,0.5556730702519417
2318,0.5414193458855152
2319,0.6651050448417664
2320,0.5439548008143902
2321,0.619879238307476
2322,0.7274018973112106
2323,0.5257575120776892
2324,0.684294581413269
2325,0.6605384349822998
2326,0.560351550579071
2327,0.5496230721473694
2328,0.5702555999159813
2329,0.5767192542552948
2330,0.5858675166964531
2331,0.695557177066803
2332,0.6040654629468918
2333,0.6459499299526215
2334,0.5782121568918228
2335,0.616528332233429
2336,0.5786103457212448
2337,0.5033948547206819
2338,0.596387505531311
2339,0.5746387243270874
2340,0.588351845741272
2341,0.5535938665270805
2342,0.6071307137608528
2343,0.6442834883928299
2344,0.5529001466929913
2345,0.5014517055824399
2346,0.5617050155997276
2347,0.6143104881048203
2348,0.6330662667751312
2349,0.5315261371433735
2350,0.5389045998454094
2351,0.6649187505245209
2352,0.5965852439403534
2353,0.49261428602039814
2354,0.587195411324501
2355,0.5872603803873062
2356,0.5353942699730396
2357,0.569094330072403
2358,0.48779943957924843
2359,0.6170280128717422
2360,0.6923283636569977
2361,0.5712845623493195
2362,0.6835665702819824
2363,0.525858985260129
2364,0.6610697656869888
2365,0.6186592802405357
2366,0.6281330585479736
2367,0.6856267303228378
2368,0.5222400594502687
2369,0.5599476844072342
2370,0.6240083575248718
2371,0.5602855123579502
2372,0.6197635903954506
2373,0.6741577684879303
2374,0.6500360071659088
2375,0.5776292830705643
2376,0.6046715974807739
2377,0.7718128859996796
2378,0.5484138056635857
2379,0.5349439010024071
2380,0.6033362746238708
2381,0.5764706954360008
2382,0.581910103559494
2383,0.5216184984892607
2384,0.574734628200531
2385,0.5350746735930443
2386,0.5203423947095871
2387,0.5964769795536995
2388,0.6515886783599854
2389,0.5635980367660522
2390,0.6567160040140152
2391,0.6934759020805359
2392,0.5440533459186554
2393,0.6661791503429413
2394,0.5577350743114948
2395,0.7032430171966553
2396,0.5442601218819618
2397,0.5871053040027618
2398,0.552419938147068
2399,0.5276390332728624
2400,0.5864842757582664
2401,0.5242287367582321
2402,0.6157366335391998
2403,0.6264889091253281
2404,0.5368521437048912
2405,0.5811834633350372
2406,0.5408889763057232
2407,0.5730297639966011
2408,0.6153766065835953
2409,0.7598264217376709
2410,0.6753809005022049
2411,0.7088157832622528
2412,0.6100769191980362
2413,0.5665502548217773
2414,0.5465316511690617
2415,0.6364081799983978
2416,0.5983567610383034
2417,0.6203864738345146
2418,0.5216932259500027
2419,0.6121564134955406
2420,0.640495628118515
2421,0.429912231862545
2422,0.5445307865738869
2423,0.6076609343290329
2424,0.6565419733524323
2425,0.6185606122016907
2426,0.5139430165290833
2427,0.6190241202712059
2428,0.5782792344689369
2429,0.5868192538619041
2430,0.467152900993824
2431,0.5141534944996238
2432,0.6376746147871017
2433,0.5996669083833694
2434,0.49427000153809786
2435,0.5311261210590601
2436,0.5675171464681625
2437,0.596062183380127
2438,0.5264073424041271
2439,0.7729704976081848
2440,0.6068840175867081
2441,0.5768801271915436
2442,0.6705416440963745
2443,0.5782381594181061
2444,0.5693714618682861
2445,0.5477825030684471
2446,0.5137246688827872
2447,0.5367420502007008
2448,0.6076060980558395
2449,0.6614883840084076
2450,0.5876631960272789
2451,0.5451736822724342
2452,0.5537572093307972
2453,0.5516447573900223
2454,0.6322242617607117
2455,0.5617420002818108
2456,0.5260679218918085
2457,0.6923013478517532
2458,0.5667978897690773
2459,0.5361775234341621
2460,0.5727885290980339
2461,0.6148683726787567
2462,0.6234248727560043
2463,0.5578009970486164
2464,0.6021078675985336
2465,0.6663787662982941
2466,0.6212721392512321
2467,0.4953464730642736
2468,0.5372219532728195
2469,0.5436067171394825
2470,0.5339025110006332
2471,0.49521074164658785
2472,0.5296755228191614
2473,0.6380728483200073
2474,0.6232219338417053
2475,0.5604114606976509
2476,0.6456190943717957
2477,0.502494378015399
2478,0.5723961889743805
2479,0.5665629357099533
2480,0.5411197207868099
2481,0.5289935581386089
2482,0.6137901470065117
2483,0.5394382812082767
2484,0.47598556242883205
2485,0.5823049545288086
2486,0.5841643214225769
2487,0.6438085287809372
2488,0.6589143127202988
2489,0.6624571084976196
2490,0.6384886354207993
2491,0.6403739750385284
2492,0.5905682593584061
2493,0.6133458167314529
2494,0.5832245498895645
2495,0.46314094588160515
2496,0.5709940493106842
2497,0.5938942134380341
2498,0.6269335150718689
2499,0.5854256525635719
2500,0.5776555314660072
2501,0.5852453038096428
2502,0.5553982257843018
2503,0.6717796921730042
2504,0.5173974130302668
2505,0.5154473576694727
2506,0.561559796333313
2507,0.548686221241951
2508,0.6149508580565453
2509,0.6462548673152924
2510,0.49576962646096945
2511,0.544261023402214
2512,0.5658995062112808
2513,0.5893873125314713
2514,0.666249006986618
2515,0.62002944201231
2516,0.5945747718214989
2517,0.6067309156060219
2518,0.6068562865257263
2519,0.5575353875756264
2520,0.5934214740991592
2521,0.5523786246776581
2522,0.48064516484737396
2523,0.5588865987956524
2524,0.5924875438213348
2525,0.6398570686578751
2526,0.5448717065155506
2527,0.5975759327411652
2528,0.5719805881381035
2529,0.5495798215270042
2530,0.5325675830245018
2531,0.5769825354218483
2532,0.5852987170219421
2533,0.5858183279633522
2534,0.6459312587976456
2535,0.6274920850992203
2536,0.5538793951272964
2537,0.6814239621162415
2538,0.5941076725721359
2539,0.5952318906784058
2540,0.49942353274673223
2541,0.689892441034317
2542,0.5856655538082123
2543,0.5765600502490997
2544,0.6866225600242615
2545,0.5505165457725525
2546,0.7997640073299408
2547,0.6312217116355896
2548,0.5024038460105658
2549,0.5176626332104206
2550,0.5823967754840851
2551,0.6289763003587723
2552,0.5441876649856567
2553,0.5807922035455704
2554,0.6190787851810455
2555,0.6052199974656105
2556,0.6660948842763901
2557,0.5941978022456169
2558,0.6816073358058929
2559,0.6814005225896835
2560,0.6167905107140541
2561,0.5324965231120586
2562,0.5050587374716997
2563,0.5082811405882239
2564,0.560004461556673
2565,0.546131081879139
2566,0.558295477181673
2567,0.5958229005336761
2568,0.599415123462677
2569,0.6092947497963905
2570,0.5543860830366611
2571,0.5020755557343364
2572,0.5654877945780754
2573,0.5229249875992537
2574,0.5145197380334139
2575,0.6722103357315063
2576,0.5911003798246384
2577,0.5948263183236122
2578,0.5471459701657295
2579,0.6801736354827881
2580,0.5881267488002777
2581,0.607752613723278
2582,0.5498638041317463
2583,0.6479801833629608
2584,0.512810580432415
2585,0.5397192239761353
2586,0.6938901245594025
2587,0.599478580057621
2588,0.5983948558568954
2589,0.7719373106956482
2590,0.5512791462242603
2591,0.5329642072319984
2592,0.5765263587236404
2593,0.5659283995628357
2594,0.5881157219409943
2595,0.6362792700529099
2596,0.5784434080123901
2597,0.5280458889901638
2598,0.53963777795434
2599,0.5779177844524384
2600,0.6324211806058884
2601,0.6370430886745453
2602,0.6513158828020096
2603,0.5673608109354973
2604,0.5907611101865768
2605,0.5735118463635445
2606,0.6071579605340958
2607,0.5624111443758011
2608,0.5479723587632179
2609,0.6520395874977112
2610,0.5011259708553553
2611,0.5417172163724899
2612,0.5684913471341133
2613,0.6645890474319458
2614,0.5340616032481194
2615,0.5925449728965759
2616,0.5649968236684799
2617,0.5799641758203506
2618,0.5666659101843834
2619,0.6447388231754303
2620,0.6696202754974365
2621,0.6165432333946228
2622,0.574158102273941
2623,0.5561676099896431
2624,0.6475049257278442
2625,0.6924467086791992
2626,0.566693551838398
2627,0.5694513618946075
2628,0.6737948358058929
2629,0.5906539037823677
2630,0.5864920914173126
2631,0.6193392872810364
2632,0.4715442508459091
2633,0.5511459074914455
2634,0.5896994397044182
2635,0.593681126832962
2636,0.6192889362573624
2637,0.6050621420145035
2638,0.6003784239292145
2639,0.5479005500674248
2640,0.6060120984911919
2641,0.5522713214159012
2642,0.5414554849267006
2643,0.5507179424166679
2644,0.5797809511423111
2645,0.5731646120548248
2646,0.6784740537405014
2647,0.5460996441543102
2648,0.5133354896679521
2649,0.562332272529602
2650,0.5362631753087044
2651,0.6037485897541046
2652,0.4861494451761246
2653,0.7489189207553864
2654,0.5968096852302551
2655,0.5956617444753647
2656,0.8017271161079407
2657,0.5746481865644455
2658,0.6055127009749413
2659,0.6337733417749405
2660,0.6032966300845146
2661,0.5404964238405228
2662,0.5434012897312641
2663,0.44353000074625015
2664,0.6493818759918213
2665,0.6378320753574371
2666,0.5691153779625893
2667,0.5618612132966518
2668,0.620401993393898
2669,0.4878067374229431
2670,0.7312614470720291
2671,0.5226910840719938
2672,0.6533965319395065
2673,0.5724099427461624
2674,0.5167059563100338
2675,0.6751933097839355
2676,0.6770850121974945
2677,0.6361433863639832
2678,0.7461990714073181
2679,0.4941204972565174
2680,0.582776352763176
2681,0.6186610162258148
2682,0.5725456178188324
2683,0.7000952661037445
2684,0.6605917811393738
2685,0.6471475660800934
2686,0.5937372446060181
2687,0.5367498807609081
2688,0.6109127253293991
2689,0.5397239923477173
2690,0.6397762596607208
2691,0.6367452293634415
2692,0.47289467230439186
2693,0.5246159341186285
2694,0.5756277143955231
2695,0.6034948825836182
2696,0.5406385026872158
2697,0.587248682975769
2698,0.6898268163204193
2699,0.5347759872674942
2700,0.5094227967783809
2701,0.5440664924681187
2702,0.6650625914335251
2703,0.5649210214614868
2704,0.5726317912340164
2705,0.5556874722242355
2706,0.6552245616912842
2707,0.5560378432273865
2708,0.605518214404583
2709,0.5374671258032322
2710,0.5356392040848732
2711,0.5327474437654018
2712,0.7024002522230148
2713,0.6454947888851166
2714,0.6118271350860596
2715,0.5604576766490936
2716,0.5311577543616295
2717,0.6328247636556625
2718,0.5392676517367363
2719,0.4842212460935116
2720,0.6026402413845062
2721,0.5652805119752884
2722,0.5641997754573822
2723,0.6438192278146744
2724,0.6082577258348465
2725,0.5539166107773781
2726,0.5915986895561218
2727,0.5377708077430725
2728,0.599247083067894
2729,0.5663932114839554
2730,0.715055450797081
2731,0.7389272749423981
2732,0.5845349654555321
2733,0.528050385415554
2734,0.6597549021244049
2735,0.5496150702238083
2736,0.6564193665981293
2737,0.5300308484584093
2738,0.6978532671928406
2739,0.5478084683418274
2740,0.6390766054391861
2741,0.5828140005469322
2742,0.6158385574817657
2743,0.6928904950618744
2744,0.6125573366880417
2745,0.48169194534420967
2746,0.5573917478322983
2747,0.6863099336624146
2748,0.5170639827847481
2749,0.5280528329312801
2750,0.7624413967132568
2751,0.6764178276062012
2752,0.6345817893743515
2753,0.5113791590556502
2754,0.5852996408939362
2755,0.5686073824763298
2756,0.6014373525977135
2757,0.5909035876393318
2758,0.6357163786888123
2759,0.6325352638959885
2760,0.5429096221923828
2761,0.6410382091999054
2762,0.5895703211426735
2763,0.6452332437038422
2764,0.5271552950143814
2765,0.620344951748848
2766,0.5730545818805695
2767,0.5306457187980413
2768,0.5324936360120773
2769,0.5278257988393307
2770,0.5775746554136276
2771,0.6032077372074127
2772,0.5578909143805504
2773,0.5216220114380121
2774,0.6002255529165268
2775,0.5263550244271755
2776,0.6150783225893974
2777,0.4996718082111329
2778,0.5559639967978001
2779,0.5987900346517563
2780,0.48591990675777197
2781,0.6021256148815155
2782,0.5976893454790115
2783,0.6072003617882729
2784,0.5978094935417175
2785,0.5176018066704273
2786,0.7726699113845825
2787,0.6174469888210297
2788,0.7216008007526398
2789,0.5425316467881203
2790,0.5485883168876171
2791,0.6369714736938477
2792,0.4567040875554085
2793,0.6134206205606461
2794,0.4866659753024578
2795,0.6027471721172333
2796,0.5479067079722881
2797,0.6375682353973389
2798,0.7797603905200958
2799,0.627404123544693
2800,0.6172801852226257
2801,0.5074546011164784
2802,0.5740264803171158
2803,0.7203703373670578
2804,0.7030663341283798
2805,0.5624660141766071
2806,0.6637613922357559
2807,0.5035796444863081
2808,0.5413818843662739
2809,0.5560107342898846
2810,0.5806393027305603
2811,0.548833005130291
2812,0.5592996366322041
2813,0.5804787278175354
2814,0.5793980062007904
2815,0.5136134466156363
2816,0.6444841027259827
2817,0.5677789896726608
2818,0.5203693564981222
2819,0.6049569994211197
2820,0.6285410374403
2821,0.614791601896286
2822,0.6120501980185509
2823,0.532205805182457
2824,0.557780247181654
2825,0.7332714647054672
2826,0.6245015934109688
2827,0.548718735575676
2828,0.5440553203225136
2829,0.5187739413231611
2830,0.5118953743949533
2831,0.4908404164016247
2832,0.5485335551202297
2833,0.5233890544623137
2834,0.5693291053175926
2835,0.4999686423689127
2836,0.5216051917523146
2837,0.5209778174757957
2838,0.7161089777946472
2839,0.6806127727031708
2840,0.6413882374763489
2841,0.7033052146434784
2842,0.6107805520296097
2843,0.5848694667220116
2844,0.6556360572576523
2845,0.6312006413936615
2846,0.5867132619023323
2847,0.5279515087604523
2848,0.5442263670265675
2849,0.6123432293534279
2850,0.6059219837188721
2851,0.6289255321025848
2852,0.6071306765079498
2853,0.5440361350774765
2854,0.6144453510642052
2855,0.5839674472808838
2856,0.608867809176445
2857,0.640446126461029
2858,0.5963086634874344
2859,0.5014359876513481
2860,0.5603786110877991
2861,0.5893129259347916
2862,0.517038868740201
2863,0.57862888276577
2864,0.6126575544476509
2865,0.5625437796115875
2866,0.592875525355339
2867,0.5262520723044872
2868,0.5996897369623184
2869,0.5828849226236343
2870,0.5938161313533783
2871,0.5312380623072386
2872,0.7074761688709259
2873,0.6263713538646698
2874,0.6090981066226959
2875,0.6738518476486206
2876,0.5638716667890549
2877,0.5104110604152083
2878,0.48521934915333986
2879,0.5516414232552052
2880,0.6360544860363007
2881,0.6277698874473572
2882,0.5618742480874062
2883,0.5009931260719895
2884,0.6315829008817673
2885,0.6223381906747818
2886,0.5301290117204189
2887,0.5882976949214935
2888,0.6588861793279648
2889,0.644924983382225
2890,0.5778418257832527
2891,0.599685788154602
2892,0.5891088545322418
2893,0.5843427032232285
2894,0.608083188533783
2895,0.4671594575047493
2896,0.5380849614739418
2897,0.657936304807663
2898,0.655951201915741
2899,0.48959774896502495
2900,0.5925672799348831
2901,0.5359821319580078
2902,0.5391964241862297
2903,0.7289401441812515
2904,0.6004479378461838
2905,0.5249956138432026
2906,0.5186197832226753
2907,0.6498560607433319
2908,0.46276117861270905
2909,0.5720971673727036
2910,0.638627678155899
2911,0.5477550886571407
2912,0.6369134187698364
2913,0.7009503543376923
2914,0.5790232419967651
2915,0.6563303172588348
2916,0.5175386387854815
2917,0.5160221271216869
2918,0.5327818505465984
2919,0.6436685025691986
2920,0.585938036441803
2921,0.5312859453260899
2922,0.6364723891019821
2923,0.6064146161079407
2924,0.6630880534648895
2925,0.5093594938516617
2926,0.6088171228766441
2927,0.5747240707278252
2928,0.5258092414587736
2929,0.49697462655603886
2930,0.5957649648189545
2931,0.6310909986495972
2932,0.6550361514091492
2933,0.5751261860132217
2934,0.6167647242546082
2935,0.6521917432546616
2936,0.577610120177269
2937,0.5604039765894413
2938,0.5388363264501095
2939,0.47419270500540733
2940,0.7130242735147476
2941,0.7558422982692719
2942,0.5879909694194794
2943,0.6190913021564484
2944,0.6774146556854248
2945,0.5846390202641487
2946,0.7781764268875122
2947,0.5150106512010098
2948,0.5251966994255781
2949,0.5452026277780533
2950,0.556019589304924
2951,0.636905699968338
2952,0.5767353400588036
2953,0.5988415703177452
2954,0.5460287183523178
2955,0.6950285583734512
2956,0.5477558001875877
2957,0.6126457005739212
2958,0.5308005250990391
2959,0.5895365476608276
2960,0.5641639977693558
2961,0.5193312335759401
2962,0.5273234099149704
2963,0.5611272007226944
2964,0.5724596381187439
2965,0.5058648493140936
2966,0.6652455627918243
2967,0.6325078159570694
2968,0.5477319918572903
2969,0.5310954619199038
2970,0.5181079134345055
2971,0.6187300607562065
2972,0.5881333351135254
2973,0.5867476984858513
2974,0.6447196006774902
2975,0.5875451564788818
2976,0.5604850947856903
2977,0.511314095929265
2978,0.6448481976985931
2979,0.5269929263740778
2980,0.6472118645906448
2981,0.6023048758506775
2982,0.660038948059082
2983,0.6434715688228607
2984,0.5729700103402138
2985,0.5769318491220474
2986,0.5970269590616226
2987,0.5960249975323677
2988,0.5415752120316029
2989,0.5158081483095884
2990,0.5946542322635651
2991,0.6074434965848923
2992,0.6102506965398788
2993,0.5101504996418953
2994,0.6200030818581581
2995,0.6996816694736481
2996,0.6823237091302872
2997,0.6029574424028397
2998,0.5613257475197315
2999,0.5023803012445569
3000,0.5845586359500885
3001,0.594402588903904
3002,0.5476380102336407
3003,0.5991598069667816
3004,0.5347466170787811
3005,0.5749880373477936
3006,0.5732910484075546
3007,0.45613793283700943
3008,0.4783349260687828
3009,0.6715281009674072
3010,0.569223552942276
3011,0.7192944884300232
3012,0.666069820523262
3013,0.7574146687984467
3014,0.5669831335544586
3015,0.5287495832890272
3016,0.5665421634912491
3017,0.6427289694547653
3018,0.5400834456086159
3019,0.4959532404318452
3020,0.6704243421554565
3021,0.5773895829916
3022,0.6102185994386673
3023,0.8038641810417175
3024,0.5509724169969559
3025,0.6734460145235062
3026,0.7338965684175491
3027,0.6134891360998154
3028,0.5817734971642494
3029,0.5851708948612213
3030,0.5460958071053028
3031,0.5351018831133842
3032,0.7161084413528442
3033,0.5637582167983055
3034,0.568891353905201
3035,0.6058585271239281
3036,0.5707088857889175
3037,0.6925369203090668
3038,0.6238945126533508
3039,0.5460337400436401
3040,0.5185949206352234
3041,0.5185709614306688
3042,0.6251413822174072
3043,0.56649961322546
3044,0.5900850594043732
3045,0.5686277598142624
3046,0.6010416224598885
3047,0.6926295161247253
3048,0.5946188867092133
3049,0.6086217164993286
3050,0.5631118342280388
3051,0.6263366937637329
3052,0.572361171245575
3053,0.46351684629917145
3054,0.5902337804436684
3055,0.5939241200685501
3056,0.7428297996520996
3057,0.6224704310297966
3058,0.5529961809515953
3059,0.6164895743131638
3060,0.7084521651268005
3061,0.5622334033250809
3062,0.6208048909902573
3063,0.5868489146232605
3064,0.6228374689817429
3065,0.6581359803676605
3066,0.4881562516093254
3067,0.5338058993220329
3068,0.5903812795877457
3069,0.5513579249382019
3070,0.6067641898989677
3071,0.5135114546865225
3072,0.5774604380130768
3073,0.6100914776325226
3074,0.5166695509105921
3075,0.6150919422507286
3076,0.5751463770866394
3077,0.6159281134605408
3078,0.6623657047748566
3079,0.5198815688490868
3080,0.4872639812529087
3081,0.5859485492110252
3082,0.5394150391221046
3083,0.5421837195754051
3084,0.5944847092032433
3085,0.5774558633565903
3086,0.5484642386436462
3087,0.5424837619066238
3088,0.5831716135144234
3089,0.6062021553516388
3090,0.513605272397399
3091,0.6624159812927246
3092,0.5359283648431301
3093,0.46843158826231956
3094,0.5626676008105278
3095,0.5889488756656647
3096,0.5454008989036083
3097,0.6209246814250946
3098,0.5132414475083351
3099,0.6414536833763123
3100,0.6260978579521179
3101,0.4716009385883808
3102,0.55264762789011
3103,0.5414766073226929
3104,0.6121219545602798
3105,0.595470979809761
3106,0.5883017405867577
3107,0.5859062522649765
3108,0.6049189642071724
3109,0.5787783265113831
3110,0.47552215307950974
3111,0.6070069521665573
3112,0.6035723686218262
3113,0.6203915923833847
3114,0.531819548457861
3115,0.5909086912870407
3116,0.5972707495093346
3117,0.5457560233771801
3118,0.7013541460037231
3119,0.660120278596878
3120,0.6065200418233871
3121,0.536662295460701
3122,0.6360277831554413
3123,0.5737752765417099
3124,0.5229762773960829
3125,0.5604821667075157
3126,0.6171547770500183
3127,0.6074424535036087
3128,0.5633702352643013
3129,0.6396497339010239
3130,0.618185356259346
3131,0.663484662771225
3132,0.5933616682887077
3133,0.6011558249592781
3134,0.5729513093829155
3135,0.643867701292038
3136,0.5928432047367096
3137,0.6100792363286018
3138,0.5978311449289322
3139,0.5005734632723033
3140,0.48778480663895607
3141,0.6159396544098854
3142,0.600985661149025
3143,0.5771849155426025
3144,0.6081389710307121
3145,0.5898356139659882
3146,0.6126075610518456
3147,0.5612513832747936
3148,0.5527452975511551
3149,0.7290209531784058
3150,0.6140425205230713
3151,0.5229829587042332
3152,0.6333578824996948
3153,0.5698396414518356
3154,0.7007473409175873
3155,0.520347386598587
3156,0.6088028252124786
3157,0.6633497178554535
3158,0.5875471085309982
3159,0.6825989782810211
3160,0.6410467624664307
3161,0.5642049163579941
3162,0.5201088283210993
3163,0.6354776620864868
3164,0.5677409544587135
3165,0.6312438994646072
3166,0.6529400050640106
3167,0.5769464522600174
3168,0.6334112286567688
3169,0.6366991549730301
3170,0.5588450282812119
3171,0.5858069434762001
3172,0.5868550390005112
3173,0.6432790160179138
3174,0.5728369653224945
3175,0.577011376619339
3176,0.5736876130104065
3177,0.6638077199459076
3178,0.7105422914028168
3179,0.6717580854892731
3180,0.5867607295513153
3181,0.4806403201073408
3182,0.5814066529273987
3183,0.6657903790473938
3184,0.5345799177885056
3185,0.5855628997087479
3186,0.613056480884552
3187,0.5605047009885311
3188,0.617597907781601
3189,0.5649425685405731
3190,0.6948224902153015
3191,0.5997729152441025
3192,0.6470074206590652
3193,0.5776176750659943
3194,0.803031325340271
3195,0.7103085070848465
3196,0.505958226043731
3197,0.6897028386592865
3198,0.5112256612628698
3199,0.6196863427758217
3200,0.5626646280288696
3201,0.5700280666351318
3202,0.6497814357280731
3203,0.5103874169290066
3204,0.603020653128624
3205,0.6439945995807648
3206,0.5423458442091942
3207,0.6774458736181259
3208,0.5927088707685471
3209,0.6777214407920837
3210,0.5773551985621452
3211,0.605879157781601
3212,0.5703228488564491
3213,0.591279536485672
3214,0.5622368901968002
3215,0.5914089232683182
3216,0.5541869476437569
3217,0.628496378660202
3218,0.6229156702756882
3219,0.5287803392857313
3220,0.5882548689842224
3221,0.5602240301668644
3222,0.5118700349703431
3223,0.5520866140723228
3224,0.5212012529373169
3225,0.5190386306494474
3226,0.5623565763235092
3227,0.531553216278553
3228,0.6060698926448822
3229,0.5824448242783546
3230,0.5467429608106613
3231,0.5544072911143303
3232,0.5158133115619421
3233,0.6986142098903656
3234,0.5072737182490528
3235,0.6637230813503265
3236,0.5810499861836433
3237,0.5345051884651184
3238,0.6064608693122864
3239,0.6107890158891678
3240,0.5080415215343237
3241,0.5967507138848305
3242,0.598250538110733
3243,0.6682709455490112
3244,0.6064591705799103
3245,0.56314267963171
3246,0.6663253605365753
3247,0.5687569677829742
3248,0.7240932583808899
3249,0.6345498561859131
3250,0.511669933795929
3251,0.4673731327056885
3252,0.586913950741291
3253,0.5900062769651413
3254,0.5928436666727066
3255,0.6102752685546875
3256,0.5542007461190224
3257,0.5665928274393082
3258,0.6520956605672836
3259,0.5304180029779673
3260,0.6486042439937592
3261,0.6849134862422943
3262,0.5600817278027534
3263,0.4965431960299611
3264,0.6201445907354355
3265,0.550205122679472
3266,0.573358342051506
3267,0.5712096318602562
3268,0.5421169102191925
3269,0.49886181950569153
3270,0.5436477586627007
3271,0.6006253585219383
3272,0.5503445789217949
3273,0.5640615522861481
3274,0.5060652494430542
3275,0.5323639549314976
3276,0.6165642142295837
3277,0.5587005540728569
3278,0.5762739777565002
3279,0.541474737226963
3280,0.6345559656620026
3281,0.6533030718564987
3282,0.6019410341978073
3283,0.633506715297699
3284,0.5939594134688377
3285,0.6284558773040771
3286,0.56906957924366
3287,0.5213663000613451
3288,0.5726499706506729
3289,0.7820969521999359
3290,0.6244608908891678
3291,0.6196004971861839
3292,0.6251004934310913
3293,0.5525117143988609
3294,0.6415406763553619
3295,0.49472711980342865
3296,0.5229256637394428
3297,0.6456003785133362
3298,0.584401860833168
3299,0.5605433732271194
3300,0.5932635813951492
3301,0.5506289973855019
3302,0.6245465725660324
3303,0.5526997521519661
3304,0.525972155854106
3305,0.5931865945458412
3306,0.5255638286471367
3307,0.6057505905628204
3308,0.5347605384886265
3309,0.6366051435470581
3310,0.5743027478456497
3311,0.5569607205688953
3312,0.4849521927535534
3313,0.5558173507452011
3314,0.6438712477684021
3315,0.5834829211235046
3316,0.6001765727996826
3317,0.5981158316135406
3318,0.49725973326712847
3319,0.5555361360311508
3320,0.5468042679131031
3321,0.6524002552032471
3322,0.5631989166140556
3323,0.5707390978932381
3324,0.6542382836341858
3325,0.6560329049825668
3326,0.6009457632899284
3327,0.5496714785695076
3328,0.617548368871212
3329,0.5963804125785828
3330,0.5455421805381775
3331,0.5511383190751076
3332,0.6169763281941414
3333,0.6060288995504379
3334,0.6029552966356277
3335,0.6183273643255234
3336,0.6076917722821236
3337,0.6109417378902435
3338,0.5492774955928326
3339,0.6752158999443054
3340,0.5706772431731224
3341,0.604894258081913
3342,0.7033958584070206
3343,0.6583598554134369
3344,0.6291697025299072
3345,0.47917502373456955
3346,0.602275550365448
3347,0.6056909561157227
3348,0.5087164752185345
3349,0.6219767555594444
3350,0.5753288269042969
3351,0.5553942248225212
3352,0.6373862624168396
3353,0.5914780646562576
3354,0.6375223696231842
3355,0.5167258679866791
3356,0.5927629545331001
3357,0.5521350055932999
3358,0.5131217855960131
3359,0.5852739959955215
3360,0.6051410138607025
3361,0.6258361339569092
3362,0.508865874260664
3363,0.5312008615583181
3364,0.5662965998053551
3365,0.6388067156076431
3366,0.6228427737951279
3367,0.5803418159484863
3368,0.5934389233589172
3369,0.6244920194149017
3370,0.5643184334039688
3371,0.7525516748428345
3372,0.5856315195560455
3373,0.5172220505774021
3374,0.4664178267121315
3375,0.53368304297328
3376,0.5694374591112137
3377,0.6353912055492401
3378,0.5542023666203022
3379,0.6071445494890213
3380,0.6769251227378845
3381,0.5203448981046677
3382,0.6465571522712708
3383,0.6125499904155731
3384,0.6622690558433533
3385,0.6308892965316772
3386,0.5747677087783813
3387,0.6064200848340988
3388,0.6400568783283234
3389,0.5762654021382332
3390,0.607413150370121
3391,0.6386580169200897
3392,0.6275259107351303
3393,0.6524673700332642
3394,0.5221323184669018
3395,0.5054499167017639
3396,0.5935618206858635
3397,0.7158351242542267
3398,0.6035391539335251
3399,0.48072935827076435
3400,0.554621197283268
3401,0.5582843795418739
3402,0.6346634030342102
3403,1.0000000596046448
3404,0.7067321985960007
3405,0.6324910372495651
3406,0.5785238146781921
3407,0.5692102164030075
3408,0.7083217650651932
3409,0.536892369389534
3410,0.5853118076920509
3411,0.6424377262592316
3412,0.5304953940212727
3413,0.5618037544190884
3414,0.6286080926656723
3415,0.5067616789601743
3416,0.5032349685207009
3417,0.5545139610767365
3418,0.6017879247665405
3419,0.6269361078739166
3420,0.4972268985584378
3421,0.74991774559021
3422,0.5409195125102997
3423,0.5457843504846096
3424,0.5496171042323112
3425,0.6989074647426605
3426,0.5796640515327454
3427,0.5704984366893768
3428,0.5866121351718903
3429,0.7083450257778168
3430,0.5414608083665371
3431,0.6724047660827637
3432,0.6050334572792053
3433,0.546575278043747
3434,0.6576962023973465
3435,0.6052365750074387
3436,0.58613021671772
3437,0.598653569817543
3438,0.5849731415510178
3439,0.55483578145504
3440,0.4748181961476803
3441,0.6225298047065735
3442,0.6530257761478424
3443,0.5629394352436066
3444,0.5440232306718826
3445,0.5197564661502838
3446,0.5373009704053402
3447,0.6122740656137466
3448,0.5329005643725395
3449,0.5285504776984453
3450,0.5840459614992142
3451,0.6550352871417999
3452,0.5931809395551682
3453,0.5533514693379402
3454,0.5824020504951477
3455,0.6372977942228317
3456,0.6498451083898544
3457,0.6465051770210266
3458,0.5727207735180855
3459,0.7559993267059326
3460,0.566983088850975
3461,0.5026827398687601
3462,0.5265185330063105
3463,0.5386269576847553
3464,0.5586252138018608
3465,0.5622816756367683
3466,0.6328714191913605
3467,0.6976091265678406
3468,0.5437584742903709
3469,0.4602876678109169
3470,0.6004515290260315
3471,0.6230773702263832
3472,0.5860853791236877
3473,0.6925302743911743
3474,0.5867105573415756
3475,0.622183158993721
3476,0.48264236003160477
3477,0.6089610457420349
3478,0.5376619249582291
3479,0.5943062007427216
3480,0.6796475648880005
3481,0.6538811326026917
3482,0.5591998770833015
3483,0.6084460914134979
3484,0.5821291133761406
3485,0.6299657225608826
3486,0.6955213844776154
3487,0.5793318897485733
3488,0.5754255503416061
3489,0.5658937692642212
3490,0.571315735578537
3491,0.6138549596071243
3492,0.5715010613203049
3493,0.6363861709833145
3494,0.6378631293773651
3495,0.5716263130307198
3496,0.5835514068603516
3497,0.5421147122979164
3498,0.6080177798867226
3499,0.5130333676934242
3500,0.6631325781345367
3501,0.6204240024089813
3502,0.5469493269920349
3503,0.5439201593399048
3504,0.5410946309566498
3505,0.6091490462422371
3506,0.4758399836719036
3507,0.6199098154902458
3508,0.5618218667805195
3509,0.5268497057259083
3510,0.5372642651200294
3511,0.5503820404410362
3512,0.5521599240601063
3513,0.53585135191679
3514,0.543420672416687
3515,0.5651131719350815
3516,0.5325589254498482
3517,0.5370127335190773
3518,0.5846138373017311
3519,0.5830000191926956
3520,0.5548422858119011
3521,0.5714196190237999
3522,0.6797015517950058
3523,0.6633161902427673
3524,0.4773787260055542
3525,0.58799147605896
3526,0.6572758853435516
3527,0.6238401085138321
3528,0.4590202122926712
3529,0.6172423958778381
3530,0.6713228523731232
3531,0.644990473985672
3532,0.5324863158166409
3533,0.6383253633975983
3534,0.6399002373218536
3535,0.5169842578470707
3536,0.6168458461761475
3537,0.6181768700480461
3538,0.5786825492978096
3539,0.46940527483820915
3540,0.5728472173213959
3541,0.5833280608057976
3542,0.6486341804265976
3543,0.7288114428520203
3544,0.7126772254705429
3545,0.5732350796461105
3546,0.627961054444313
3547,0.6008953005075455
3548,0.6978311240673065
3549,0.492429172154516
3550,0.5653105676174164
3551,0.5482871197164059
3552,0.7791568636894226
3553,0.6119359135627747
3554,0.5442159399390221
3555,0.5289874095469713
3556,0.553833857178688
3557,0.5985909551382065
3558,0.6158927083015442
3559,0.588058352470398
3560,0.5268309209495783
3561,0.5530618652701378
3562,0.5516416467726231
3563,0.631111204624176
3564,0.6468494385480881
3565,0.5444996282458305
3566,0.5956247597932816
3567,0.6525782197713852
3568,0.4954864550381899
3569,0.4936814703978598
3570,0.661910355091095
3571,0.6547894775867462
3572,0.6622756868600845
3573,0.631958857178688
3574,0.5970247536897659
3575,0.537294764071703
3576,0.6993836462497711
3577,0.6635676324367523
3578,0.6735510528087616
3579,0.5999317765235901
3580,0.5737733691930771
3581,0.6042246967554092
3582,0.5933389663696289
3583,0.6707328408956528
3584,0.5734689831733704
3585,0.5399170890450478
3586,0.6406509131193161
3587,0.632345974445343
3588,0.6404506862163544
3589,0.6132663935422897
3590,0.6750079393386841
3591,0.6237383708357811
3592,0.7803200781345367
3593,0.633966252207756
3594,0.6062391176819801
3595,0.5689153894782066
3596,0.5846486315131187
3597,0.5407838225364685
3598,0.6080886572599411
3599,0.5100828101858497
3600,0.6292368769645691
3601,0.6086676493287086
3602,0.5758172199130058
3603,0.6612316071987152
3604,0.5134570840746164
3605,0.575370267033577
3606,0.5657248049974442
3607,0.6172884628176689
3608,0.5201200731098652
3609,0.5768256038427353
3610,0.5101669849827886
3611,0.6006316915154457
3612,0.5683616325259209
3613,0.574033334851265
3614,0.6248702853918076
3615,0.5198508482426405
3616,0.5517840683460236
3617,0.5531067252159119
3618,0.557774756103754
3619,0.7123973965644836
3620,0.6766936480998993
3621,0.6575690507888794
3622,0.6933076679706573
3623,0.6170320808887482
3624,0.576742023229599
3625,0.6029231548309326
3626,0.6057345271110535
3627,0.5362238548696041
3628,0.5753699988126755
3629,0.5099347792565823
3630,0.5328748971223831
3631,0.4836519993841648
3632,0.550351932644844
3633,0.6344526261091232
3634,0.5319277532398701
3635,0.5436270833015442
3636,0.6369518637657166
3637,0.5609753876924515
3638,0.6025664359331131
3639,0.5526599511504173
3640,0.6224705055356026
3641,0.6183419674634933
3642,0.6010804623365402
3643,0.5397804528474808
3644,0.6684406250715256
3645,0.5155363138765097
3646,0.6222905516624451
3647,0.5875784903764725
3648,0.587932214140892
3649,0.5208928622305393
3650,0.5265635512769222
3651,0.587072342634201
3652,0.6593146175146103
3653,0.5640980005264282
3654,0.6420316100120544
3655,0.550046481192112
3656,0.5258040390908718
3657,0.70375657081604
3658,0.567960113286972
3659,0.6979758888483047
3660,0.6327374875545502
3661,0.5553801283240318
3662,0.543002650141716
3663,0.5702823475003242
3664,0.5426617041230202
3665,0.5340355820953846
3666,0.7103628814220428
3667,0.5639625415205956
3668,0.567511722445488
3669,0.5469649508595467
3670,0.7554918229579926
3671,0.5796525105834007
3672,0.6880508959293365
3673,0.6109391152858734
3674,0.659058541059494
3675,0.6171792224049568
3676,0.66477170586586
3677,0.6055666580796242
3678,0.6098819226026535
3679,0.5406904965639114
3680,0.596026137471199
3681,0.5146001372486353
3682,0.5399136245250702
3683,0.6065056025981903
3684,0.4970029117539525
3685,0.5946206524968147
3686,0.5652888789772987
3687,0.5322704464197159
3688,0.6295271068811417
3689,0.6355014145374298
3690,0.5551291070878506
3691,0.46497219055891037
3692,0.6198423355817795
3693,0.6659724712371826
3694,0.5925568118691444
3695,0.5414443239569664
3696,0.6363049447536469
3697,0.6631325781345367
3698,0.5733325555920601
3699,0.5678906142711639
3700,0.6570857465267181
3701,0.6407307982444763
3702,0.5163570586591959
3703,0.5338517725467682
3704,0.5916050523519516
3705,0.4759025424718857
3706,0.5679328367114067
3707,0.653356671333313
3708,0.552280992269516
3709,0.5883539468050003
3710,0.7356070280075073
3711,0.554303951561451
3712,0.6152636781334877
3713,0.5651911795139313
3714,0.5461157746613026
3715,0.6738268285989761
3716,0.44386136159300804
3717,0.5207188930362463
3718,0.5750409513711929
3719,0.5559229217469692
3720,0.564727894961834
3721,0.598488911986351
3722,0.5235278848558664
3723,0.5376662984490395
3724,0.5932234227657318
3725,0.5783272013068199
3726,0.6015156656503677
3727,0.6397237330675125
3728,0.5737799853086472
3729,0.5097457394003868
3730,0.5354701280593872
3731,0.6311806589365005
3732,0.7014954388141632
3733,0.5531398430466652
3734,0.5935399234294891
3735,0.5731278583407402
3736,0.6492030024528503
3737,0.6363181173801422
3738,0.7874436676502228
3739,0.5201149880886078
3740,0.5138087244704366
3741,0.6019369810819626
3742,0.512924812734127
3743,0.6830153465270996
3744,0.6030578017234802
3745,0.6418600678443909
3746,0.6493779420852661
3747,0.6298598200082779
3748,0.677196204662323
3749,0.5225072428584099
3750,0.5621450617909431
3751,0.5620345771312714
3752,0.577495627105236
3753,0.6813060492277145
3754,0.6920351088047028
3755,0.6995928585529327
3756,0.6714015752077103
3757,0.5372584126889706
3758,0.634987473487854
3759,0.646791934967041
3760,0.6199981272220612
3761,0.5831021592020988
3762,0.5632089823484421
3763,0.7928615212440491
3764,0.5070848967880011
3765,0.6745694875717163
3766,0.5903614163398743
3767,0.7017475068569183
3768,0.5785738676786423
3769,0.622730627655983
3770,0.5573131218552589
3771,0.638768270611763
3772,0.6183975040912628
3773,0.5032001473009586
3774,0.5576490312814713
3775,0.6849833279848099
3776,0.5246235597878695
3777,0.5307206492871046
3778,0.5906417071819305
3779,0.596449188888073
3780,0.5025099897757173
3781,0.5429197624325752
3782,0.5773818492889404
3783,0.5986415445804596
3784,0.6314958184957504
3785,0.46453857421875
3786,0.5592893250286579
3787,0.673156201839447
3788,0.7235005348920822
3789,0.5713654458522797
3790,0.6240333765745163
3791,0.5049183736555278
3792,0.6116498485207558
3793,0.6125079691410065
3794,0.5580389834940434
3795,0.5932915955781937
3796,0.6163523644208908
3797,0.5385062918066978
3798,0.6450128257274628
3799,0.5707869976758957
3800,0.666250467300415
3801,0.607445016503334
3802,0.565946102142334
3803,0.6108035519719124
3804,0.6471427381038666
3805,0.5483955070376396
3806,0.6207799464464188
3807,0.5522542670369148
3808,0.6211277395486832
3809,0.582468219101429
3810,0.5721777528524399
3811,0.6232421547174454
3812,0.6548018455505371
3813,0.758063405752182
3814,0.606352798640728
3815,0.6807999461889267
3816,0.6210467591881752
3817,0.5993979200720787
3818,0.5523590222001076
3819,0.614503525197506
3820,0.7659299969673157
3821,0.7082530111074448
3822,0.6171035021543503
3823,0.541668564081192
3824,0.5681396722793579
3825,0.5528627261519432
3826,0.5476347394287586
3827,0.6985334753990173
3828,0.5698878467082977
3829,0.595705971121788
3830,0.5737783908843994
3831,0.5838948339223862
3832,0.6222671866416931
3833,0.6711326986551285
3834,0.5462086200714111
3835,0.6171853840351105
3836,0.6474222838878632
3837,0.5453283078968525
3838,0.6453583538532257
3839,0.6336806118488312
3840,0.5014309317339212
3841,0.6020531356334686
3842,0.47504068724811077
3843,0.579998642206192
3844,0.5519234240055084
3845,0.48071409948170185
3846,0.6402910351753235
3847,0.6530945003032684
3848,0.5471148118376732
3849,0.5685807466506958
3850,0.5852281004190445
3851,0.5343324206769466
3852,0.6108669489622116
3853,0.5787729471921921
3854,0.5517831742763519
3855,0.6111738160252571
3856,0.5857502520084381
3857,0.654035821557045
3858,0.6494514495134354
3859,0.7132510244846344
3860,0.6649363785982132
3861,0.6203702911734581
3862,0.5603319965302944
3863,0.5452112853527069
3864,0.6242249757051468
3865,0.520890736952424
3866,0.6090225651860237
3867,0.5535221882164478
3868,0.6013002842664719
3869,0.5673989504575729
3870,0.5808738768100739
3871,0.6405425667762756
3872,0.7122852504253387
3873,0.5522664077579975
3874,0.6094680577516556
3875,0.5577512010931969
3876,0.5092779342085123
3877,0.5643212273716927
3878,0.7125572264194489
3879,0.5973931550979614
3880,0.5196721442043781
3881,0.5050112158060074
3882,0.631144255399704
3883,0.6531076580286026
3884,0.5388947799801826
3885,0.610306553542614
3886,0.6398482620716095
3887,0.6435782313346863
3888,0.5567746534943581
3889,0.6221901997923851
3890,0.6249613612890244
3891,0.7304781675338745
3892,0.6657200157642365
3893,0.5123494006693363
3894,0.5637826398015022
3895,0.5777343362569809
3896,0.586904376745224
3897,0.6020485907793045
3898,0.5192742459475994
3899,0.5119978860020638
3900,0.4991437951102853
3901,0.6256214082241058
3902,0.6301031112670898
3903,0.6561974138021469
3904,0.6033698469400406
3905,0.6182954832911491
3906,0.6141897290945053
3907,0.53200713545084
3908,0.6410900056362152
3909,0.5809977799654007
3910,0.5482820384204388
3911,0.6573271602392197
3912,0.6313393712043762
3913,0.5812815576791763
3914,0.6193213537335396
3915,0.5912714451551437
3916,0.5665665566921234
3917,0.6545970141887665
3918,0.5484143532812595
3919,0.6360236257314682
3920,0.5881195962429047
3921,0.630073606967926
3922,0.6181932613253593
3923,0.5758766531944275
3924,0.6431606709957123
3925,0.5458181276917458
3926,0.5765934810042381
3927,0.619280643761158
3928,0.47540346905589104
3929,0.573934867978096
3930,0.6040462180972099
3931,0.6251290440559387
3932,0.5665548890829086
3933,0.47963980212807655
3934,0.5977209061384201
3935,0.5400981195271015
3936,0.6177200078964233
3937,0.8888678848743439
3938,0.7065136432647705
3939,0.5703025907278061
3940,0.5323254428803921
3941,0.5431244894862175
3942,0.5922376811504364
3943,0.5898853465914726
3944,0.5750064253807068
3945,0.6478915214538574
3946,0.5885661840438843
3947,0.6138510927557945
3948,0.6680909097194672
3949,0.5697336122393608
3950,0.5699073374271393
3951,0.5803446769714355
3952,0.5309974700212479
3953,0.5276855286210775
3954,0.5877320989966393
3955,0.5737268030643463
3956,0.5707061290740967
3957,0.5392513982951641
3958,0.6415075063705444
3959,0.5578060895204544
3960,0.6586527526378632
3961,0.5173132829368114
3962,0.496384147554636
3963,0.6995484083890915
3964,0.5483681000769138
3965,0.5363851115107536
3966,0.5744286477565765
3967,0.7007393389940262
3968,0.518710482865572
3969,0.6485283672809601
3970,0.46311289817094803
3971,0.5991843193769455
3972,0.5986788347363472
3973,0.5432871878147125
3974,0.6013960167765617
3975,0.5453617796301842
3976,0.6201882660388947
3977,0.5639131143689156
3978,0.5788961201906204
3979,0.6533178389072418
3980,0.5786999240517616
3981,0.4956147470511496
3982,0.6230011358857155
3983,0.5724682211875916
3984,0.5517604872584343
3985,0.6659400016069412
3986,0.6295805126428604
3987,0.6009361892938614
3988,0.5524853691458702
3989,0.6305590867996216
3990,0.6022351682186127
3991,0.5429186411201954
3992,0.5390851981937885
3993,0.6360045671463013
3994,0.5043822890147567
3995,0.6252528429031372
3996,0.6513956785202026
3997,0.5780458152294159
3998,0.6133483499288559
3999,0.654344767332077
4000,0.5546574108302593
4001,0.5602193549275398
4002,0.5140621401369572
4003,0.5718268975615501
4004,0.5673693940043449
4005,0.5712100714445114
4006,0.5235284119844437
4007,0.5011718382593244
4008,0.6151283904910088
4009,0.5247798264026642
4010,0.5475108399987221
4011,0.590425468981266
4012,0.5495471954345703
4013,0.6175590455532074
4014,0.5503191240131855
4015,0.5238498449325562
4016,0.5128642152994871
4017,0.5985617637634277
4018,0.5311995185911655
4019,0.5770496875047684
4020,0.5328197106719017
4021,0.5294169597327709
4022,0.5549709796905518
